Empf√§ngerland,Summe 2013,Klimarelevante Summe 2013,Klimarelevanter Prozentsatz 2013,Summe 2014,Klimarelevante Summe 2014,Klimarelevanter Prozentsatz 2014,Summe 2015,Klimarelevante Summe 2015,Klimarelevanter Prozentsatz 2015,Summe 2016,Klimarelevante Summe 2016,Klimarelevanter Prozentsatz 2016,Summe 2017,Klimarelevante Summe 2017,Klimarelevanter Prozentsatz 2017,Summe 2018,Klimarelevante Summe 2018,Klimarelevanter Prozentsatz 2018,Summe 2019,Klimarelevante Summe 2019,Klimarelevanter Prozentsatz 2019,Summe 2020,Klimarelevante Summe 2020,Klimarelevanter Prozentsatz 2020,Summe 2021,Klimarelevante Summe 2021,Klimarelevanter Prozentsatz 2021,Summe 2022,Klimarelevante Summe 2022,Klimarelevanter Prozentsatz 2022
Afghanistan,229.878097,18.110155000000002,0.07878155960200071,286.80786,30.496058,0.10632922682105017,197.4295,30.311894000000002,0.15353274966507033,346.234112,38.308327999999996,0.1106428473460177,311.67034,42.7626325,0.13720469037894334,255.815158,41.988155500000005,0.16413474411864212,241.099156,39.849201,0.16528137908537516,196.114075,33.4595765,0.1706128257240078,352.840862,47.6576215,0.13506831728576832,201.939382,12.03507,0.05959743899780776
"Africa, regional",132.706037,34.237272499999996,0.2579933307781619,129.848523,15.7077825,0.12097005138826261,182.614727,75.9741725,0.4160352987303154,129.000894,16.6014445,0.1286924763482647,240.258759,73.4141915,0.30556301799594326,262.731752,50.676508,0.1928830741401976,555.037032,129.931864,0.23409584677946318,686.808006,161.1818375,0.23468252567224734,643.229422,131.993625,0.20520458251053075,627.644704,138.891343,0.22128975535815243
Albania,19.317268,5.281618,0.27341433581601704,16.371641,4.651059999999999,0.2840924742974757,19.155382,6.3625945,0.3321570146708638,18.96898,6.563644,0.3460198703356744,21.017326,7.4076895,0.3524563257952034,55.514401,43.7535185,0.7881471782429932,19.355900000000002,5.2594145,0.27172151643684866,30.080576999999998,5.8048405,0.1929763681062368,29.366152,7.8811045,0.2683737556081573,25.328362,8.592429,0.3392414006085352
Algeria,6.080655,1.1752895,0.19328337161045975,5.218615,2.5430349999999997,0.4873007493367493,6.014444,3.4634735,0.575859298049828,4.6849490000000005,2.7113755,0.5787417323006077,5.347355,3.287173,0.6147287771243914,6.986998,4.082637,0.5843191882980359,9.983005,4.5452105,0.4552948235526276,11.714897,4.7168054999999995,0.4026331174742722,25.777176,6.526832,0.253201979922083,16.273651,7.171532,0.4406836548233706
"America, regional",61.039902,12.957501,0.2122791907496837,73.783053,20.492112000000002,0.2777346716731822,48.050705,5.792946,0.12055902197480764,77.236341,18.8670295,0.24427658348030756,95.230412,36.874818,0.38721682733032803,59.652114,16.0364015,0.2688320735791526,103.276123,40.433402,0.39150774472817884,146.31460900000002,54.0324995,0.36928984651149904,82.869791,29.5544005,0.3566365999402605,107.665968,50.903984,0.4727954891001398
Angola,3.303299,0.259026,0.07841433669794953,2.384683,0.392546,0.16461139698651772,2.155592,0.21202600000000002,0.09836091431031477,2.685854,0.614978,0.22896925893961476,2.57651,0.3720605,0.14440483444659638,3.937149,1.157824,0.2940767545246573,4.260614,1.319417,0.3096776661767529,4.194615,1.6677475,0.3975925084900521,4.830643,1.8151005,0.37574718313897343,4.823271,1.2568345,0.26057720994735734
Argentina,4.394577,1.2739905,0.28990059794150835,4.975084,1.5699775,0.3155680386502017,48.619634,1.1617365,0.023894390072948718,4.122951,1.1841925,0.28721963952518476,3.81242,1.0662085,0.2796671143263334,4.840162,0.9411395,0.19444380167440675,3.810521,0.7155405,0.18778022742821782,3.203587,0.6478094999999999,0.2022137997188776,4.035065,0.8366335,0.20734077394044456,1.1997309999999999,0.18754800000000002,0.15632504286377533
Armenia,6.568295,0.5420630000000001,0.082527200742354,6.980998,1.0134035000000001,0.145165992025782,6.098111,1.7507450000000002,0.2870962827669093,6.608719,2.1263715,0.32175244551932075,15.783431,7.2015780000000005,0.4562745577941831,3.478372,1.0788275,0.3101529968617503,5.137774,1.8624585,0.3625030022729688,3.85332,1.289939,0.33476041439589754,3.6474029999999997,1.289656,0.3535819869644237,4.42366,2.4529895,0.5545158307826551
"Asia, regional",91.458578,19.1871745,0.20979086838634206,93.570477,15.467013999999999,0.16529801381690082,114.152608,17.9024265,0.15682888734351125,153.251449,29.9489965,0.1954239042790388,143.317589,27.480241,0.19174367355565827,151.557862,26.3794695,0.17405543435285462,116.80655,17.66004,0.15119049402623397,117.695205,18.513485,0.15730024855303154,112.355539,23.0979865,0.20557941963146117,92.797764,14.7368525,0.15880611627668098
Azerbaijan,5.3115570000000005,0.4803925,0.0904428776722155,13.459700999999999,5.7821810000000005,0.4295920838063194,8.720753,2.677975,0.30708070736552223,7.174971,2.403772,0.3350218419001275,5.059375999999999,2.2618034999999996,0.4470518696376786,7.192943,3.5870005,0.49868329277737916,3.222391,1.6111955,0.5,0.24984,0.12492,0.5,0.505586,0.2054895,0.4064382716293568,0.5540780000000001,0.131585,0.2374846140796061
Bangladesh,96.778175,35.6163075,0.3680200365423299,52.406798,23.763593999999998,0.4534448756056418,77.478653,27.845039,0.35938981799283476,53.012849,26.072644500000003,0.491817455424816,60.907808,23.5540355,0.3867161908043054,65.97958,18.9531505,0.2872578227991145,75.878876,33.290521999999996,0.4387324082133214,90.107034,32.71125,0.36302659790133585,76.192837,25.9760605,0.34092523028116145,77.526809,20.586837,0.26554474852692567
Belarus,2.997567,0.336518,0.1122637125375346,1.9336119999999999,0.0,0.0,1.783953,0.0,0.0,3.068577,0.0,0.0,2.209304,0.0521045,0.02358412423097953,1.712338,0.0,0.0,1.344835,0.0,0.0,2.575894,0.0,0.0,1.826394,0.0,0.0,1.108957,0.0,0.0
Belize,0.071165,0.0355825,0.5,,,,,,,,,,,,,,,,,,,,,,,,,,,
Benin,51.327565,12.1634545,0.23697704147858953,77.891909,26.325470499999998,0.33797439089597864,44.167266000000005,12.819581,0.29025072550336256,45.547587,15.473091499999999,0.3397126504198784,41.044361,14.238572000000001,0.34690689909875805,43.514906,13.2651415,0.3048413226493009,48.406302,16.525367499999998,0.3413887617360235,68.629904,14.933099499999999,0.2175888152196745,54.110506,14.8376505,0.2742101598532455,57.851616,19.7666045,0.3416776551237566
Bhutan,0.248297,0.0,0.0,0.473939,0.0,0.0,0.525254,0.0,0.0,0.491991,0.0,0.0,0.564822,0.0,0.0,0.513183,0.0,0.0,0.857809,0.0,0.0,1.129918,0.0,0.0,1.192947,0.0,0.0,0.576221,0.0,0.0
"Bilateral, unspecified",907.952569,129.369682,0.14248506630966976,1092.774687,241.7727735,0.22124668184229268,1039.820096,162.1312095,0.15592236592049863,1469.556639,316.284807,0.21522464572391348,1431.783951,255.2785025,0.17829401029513287,1726.41929,345.3471295,0.20003664897650675,2057.18116,478.06960250000003,0.2323906186755084,2702.638006,669.4700535,0.2477098494188792,3065.216094,815.32362,0.2659922155556841,4132.0944,1072.770444,0.25961905516969797
Bolivia,33.053603,7.952090000000001,0.24058163946605157,38.181166,11.013266999999999,0.28844763410315966,32.727419,15.042789500000001,0.45963873594798305,35.125057,16.6037745,0.4727045567499008,44.801888,14.877875,0.3320814292469103,45.699892999999996,16.5704175,0.36259204151747143,34.532002,14.9890705,0.43406317710742637,25.349337,11.4465175,0.4515509616681494,32.588429,14.699763,0.45107307872987684,32.934057,16.353106,0.4965408907867014
Bosnia and Herzegovina,13.603432,1.5909170000000001,0.11694967858111101,16.768308,1.1634465,0.06938365516663936,47.106516,1.1696205,0.024829272026825333,17.447107,2.390828,0.13703291898192635,30.160354,2.4127505,0.07999741979155815,11.850648,3.06717,0.2588187582653708,9.229178,2.177555,0.23594246421512297,13.342719,1.3635935,0.1021975730733743,7.717204000000001,2.3016870000000003,0.298254004947906,16.483035,4.4124885,0.26769878848161155
Botswana,0.49169,0.0,0.0,0.114256,0.0,0.0,,,,0.104958,0.0,0.0,0.374825,0.0,0.0,0.569718,0.0,0.0,1.350512,0.0,0.0,1.068187,0.0,0.0,0.95194,0.0,0.0,1.0497269999999999,0.0,0.0
Brazil,117.98486,84.1796305,0.7134782420388515,60.828641,35.184794000000004,0.5784247917029743,50.015792000000005,27.143116,0.5426909165009323,103.262959,50.400882,0.4880828758742039,107.525887,75.6984825,0.7040023999058013,65.400119,35.740513,0.5464900300869483,57.976836,32.080494,0.5533329552513008,37.305778,18.056351499999998,0.4840095145583078,68.298989,32.5065315,0.4759445487545943,42.928005999999996,13.7204155,0.31961455419103324
Burkina Faso,43.594822,9.0161725,0.2068175091986842,49.578333,8.8228045,0.17795686071171454,54.158583,9.0329225,0.1667865368634183,49.338047,9.3063195,0.18862358901234985,43.917308,10.745075,0.2446660665084481,53.194461,11.5207085,0.21657722032374763,78.728706,30.1229235,0.3826167738613664,68.0841,22.160301,0.3254842320013042,62.339842,22.3515115,0.35854296037516425,64.908101,25.499800999999998,0.3928600684219678
Burundi,22.436253,6.4267145,0.2864433067321892,25.445552,5.880889,0.23111658179001188,15.747592000000001,3.9962935,0.25377171951114813,40.696567,6.0442795,0.1485206233734654,23.723421,7.2555125,0.3058375307675904,27.085893,6.8478815,0.25282096108110597,32.121546,7.7775595,0.24212905256801773,27.253217,6.202159,0.22757529872528443,27.287672,5.2381965,0.19196201493480278,24.779791,2.22836,0.08992650502984469
C(te d'Ivoire,438.055812,2.306496,0.005265301673477169,15.04434,4.486324,0.2982067674620488,15.354192000000001,4.479326,0.2917330980360282,13.716529,3.6290125,0.2645722179423089,62.311077999999995,6.231072500000001,0.09999943348757345,12.857059,3.765011,0.29283609883100015,132.383668,80.51235249999999,0.6081743595441093,32.286327,5.568056,0.1724586386057479,67.870965,7.30552,0.10763836936751967,91.772657,70.0088965,0.7628513632333868
Cabo Verde,0.6022,0.272646,0.452749916971106,,,,0.149774,0.074887,0.5,,,,,,,,,,,,,,,,0.070947,0.0,0.0,,,
Cambodia,38.976978,8.0510655,0.20655951059109814,35.304883,7.840968999999999,0.2220930458826333,41.69747,8.5290985,0.20454714638562002,47.315731,7.012233,0.14820088059085465,46.223662,12.514849,0.27074551124919527,44.924856,8.3069215,0.18490702563409442,37.703165,5.2959985,0.14046562138748828,32.862243,4.3821945,0.13335043806961078,49.845787,3.1055305,0.0623027679350313,50.960114999999995,3.4092945,0.06690123246385925
Cameroon,36.502957,6.059366499999999,0.16599659309792353,36.414881,7.0750304999999996,0.1942895405864432,30.876862,7.8750675,0.2550475336515738,43.685202,11.420331,0.26142333049072314,58.561912,12.115861,0.2068897784621513,61.031307999999996,12.2747975,0.20112296298811097,60.271306,13.473154500000001,0.22354177127006342,56.539461,9.68376,0.17127436004386387,70.562067,14.6960125,0.2082707200173147,76.125503,11.2452965,0.14772048862521145
"Caribbean & Central America, regional",34.7415,13.615566000000001,0.39191071197271277,52.653162,23.4575785,0.4455112971183003,53.364046,24.9722675,0.4679605347015854,38.179774,17.312654,0.4534509292799899,44.772152,15.0872525,0.33697849725874246,60.157607,27.692204,0.460327552590315,68.779083,31.6440155,0.4600819627095057,28.576995,9.5503015,0.3341954428728423,32.947755,12.0102975,0.36452551926527316,39.682606,13.7763285,0.34716289802136485
Central African Republic,0.176176,0.0,0.0,9.267396,0.6871445,0.07414644847376761,31.871643,1.196478,0.03754051838494803,9.781956,1.1151795,0.11400373299573215,29.456511,0.710875,0.02413303462857499,18.008935,1.11669,0.06200755347276227,31.471998,2.611185,0.08296851696546244,25.331834999999998,2.585751,0.10207515562927046,42.193126,2.193708,0.051992070935915013,31.976796,1.5944,0.04986115557043301
"Central Asia, regional",57.270314,9.458188999999999,0.16514994138149827,71.035883,20.5869475,0.289810538428867,31.355501,4.909007,0.1565596735322456,40.165513,9.94875,0.24769383625201055,38.998948,9.068469499999999,0.23253113135256878,46.674358,9.55394,0.20469354929316866,78.852769,22.6841545,0.2876773357191807,47.793365,10.0587935,0.21046422447969504,92.01548100000001,32.486425000000004,0.3530539062225844,37.350127,9.6081465,0.2572453501965335
Chad,3.217559,1.244259,0.3867089927488509,6.54394,1.9891385,0.3039664941915726,10.077713,2.045192,0.20294207624289362,9.562434,2.2222589999999998,0.23239470201833548,25.916842,2.5069334999999997,0.09672989865046057,35.161157,4.5313300000000005,0.1288731767273756,42.092117,6.9762605,0.16573793377985716,40.511727,14.2211605,0.35103812039412685,34.928456000000004,14.2137445,0.40693881515976543,48.1052,21.616647500000003,0.449361971262982
Chile,12.943546,2.894956,0.22366019327315714,10.537208,0.52145,0.049486543304450285,2.7983480000000003,1.412481,0.5047553056303219,2.6134899999999996,1.4587234999999998,0.5581515521390937,3.884807,2.199417,0.5661586277001663,,,,,,,,,,,,,,,
China (People's Republic of),61.709704,18.451757999999998,0.29900901809543595,37.627054,8.5224515,0.22649797403751037,23.300144,5.326369,0.2285981151017779,19.441116,3.7572465,0.1932629021914174,17.687873,1.9378295,0.10955695464344413,16.76393,1.1594575,0.06916382375731706,16.008721,1.8509959999999999,0.1156242275694604,15.93989,2.5483775,0.15987422121482645,11.529321,0.9113095,0.07904277277039992,9.209238,0.579935,0.06297317975710912
Colombia,28.728886,5.364058,0.18671305250053902,29.313396,5.6404455,0.19241869826341512,32.504537,6.9127905,0.2126715572044604,40.816427,13.0252585,0.3191180477409255,47.122807,16.1326315,0.34235293962857516,42.217099,6.1961265,0.14676817324657956,42.23628,7.202308,0.17052420336260676,27.591857,4.7317255,0.17148992545155622,63.340298,26.743319,0.4222165010969794,55.620125,17.305401,0.31113560064814666
Congo,0.244563,0.108457,0.44347264304085243,0.18754500000000002,0.073122,0.38989042629768855,0.18018,0.064595,0.3585026085026085,0.17396799999999998,0.060482,0.34766163892210067,0.18599,0.057516,0.30924243238883814,0.17613,0.0582875,0.33093453698972347,0.318028,0.09894850000000001,0.3111314098129725,0.089577,0.0,0.0,0.191875,0.0,0.0,0.115291,0.0,0.0
Costa Rica,2.160309,0.4967435,0.22994094826249395,2.236145,0.1061625,0.047475678008358134,3.605245,0.0826235,0.022917582577605684,3.1685879999999997,0.20821,0.06571065723912356,2.372869,0.2940795,0.12393414891424684,2.458573,0.31276550000000003,0.12721424175731208,1.205934,0.5423955,0.44977212683281176,1.225026,0.31423999999999996,0.25651700453704657,0.304704,0.1108605,0.36383014335223696,0.379454,0.0195825,0.05160704591333864
Cuba,0.60907,0.23246250000000002,0.3816679527804686,0.305002,0.1365325,0.44764460560914354,0.579229,0.116457,0.2010551957861226,0.867084,0.376891,0.4346649228909771,1.282076,0.062938,0.04909069353142871,1.124711,0.0768635,0.06834066706914042,0.526126,0.1219605,0.23180854015958155,0.253429,0.111816,0.4412123316589656,0.091064,0.0348885,0.3831206623912853,0.124696,0.0620965,0.4979830948867646
Democratic People's Republic of Korea,0.48873900000000003,0.0,0.0,0.237241,0.0,0.0,0.53436,0.1438765,0.2692501309978292,0.6166940000000001,0.1778055,0.2883204636335038,1.258248,0.1050155,0.08346168640840279,1.354555,0.1077075,0.07951504368593376,0.71095,0.0744485,0.10471692805401224,1.536493,0.039613,0.025781438639811572,0.355151,0.0,0.0,0.595394,0.0,0.0
Democratic Republic of the Congo,66.470749,16.967641,0.2552647781958949,78.384501,12.068699500000001,0.15396793174711926,88.215714,13.658846,0.15483461370612497,78.435652,15.9572215,0.20344347363874782,119.929413,23.1847415,0.19331989476176292,93.287093,20.824344500000002,0.22322857139518756,141.14676,38.692137,0.27412699377584016,116.115114,19.637203,0.1691184060672756,129.232278,29.321614,0.22689079271666168,123.637794,38.037929,0.307656160542625
Djibouti,1.351049,0.2172595,0.16080800918397484,0.698153,0.2241735,0.321095089471792,0.582537,0.0,0.0,0.8274239999999999,0.0,0.0,0.508108,0.0,0.0,0.31070200000000003,0.158648,0.5106114540620916,0.738931,0.641485,0.8681257113316398,0.168678,0.0,0.0,,,,,,
Dominican Republic,2.150842,0.6533245,0.30375290235173014,1.777919,0.6641239999999999,0.3735400769101404,0.703395,0.240675,0.3421619431471648,0.685562,0.25636,0.3739413794813598,1.1239020000000002,0.078792,0.07010575655172781,5.040417000000001,2.3215455,0.46058599913459536,13.215454000000001,4.6400060000000005,0.3511045477514431,5.154287999999999,2.3119685,0.4485524479811761,2.4594899999999997,1.1492815,0.4672844776762663,0.650614,0.2132235,0.32772657827836477
Ecuador,23.468068,10.158266999999999,0.4328548477019923,27.624861,15.80471,0.5721190778118305,28.322138,8.5302075,0.3011851541716236,22.976958,6.7412965,0.2933937773660029,23.837832,13.235069000000001,0.5552127810951937,39.629982,28.509242,0.7193856913687219,31.790044,17.1411275,0.5391979797196883,19.929617,8.1657925,0.40973153171985194,24.704221,12.3134655,0.4984356924268124,22.644132,8.170178,0.36080773597327553
Egypt,129.771018,7.3193695000000005,0.056402189123614645,113.501913,7.0677445,0.06226982711736321,62.103613,9.103519499999999,0.14658598848347196,53.581118000000004,13.1516895,0.2454538089332141,61.412698999999996,10.204391000000001,0.16616092707470814,150.341777,15.4295335,0.10262971349606968,83.18051,8.684995,0.10441141801126251,68.309412,23.0603355,0.33758650272088425,77.868553,26.313464,0.33792157406597756,143.552822,71.910701,0.5009354744694605
El Salvador,12.768553,0.8291235,0.06493480506365913,6.45581,0.8468735000000001,0.13118005331631508,6.005948,0.9707705,0.16163484931937472,18.868969,1.0192285,0.05401612032962692,8.372885,0.879775,0.10507429637454711,10.388163,1.4391995,0.13854225236935538,6.695099,0.9983165,0.1491115366628634,6.9498809999999995,1.3937445,0.20054221072274475,4.2155190000000005,1.062626,0.2520747741855748,3.7180150000000003,1.034451,0.2782266881655937
Eritrea,0.136162,0.0,0.0,,,,0.120605,0.0,0.0,0.329814,0.0,0.0,2.004247,0.1049865,0.05238201678735206,3.9590759999999996,1.3761925,0.3476044662946607,3.828964,1.327586,0.3467219853725446,2.8033569999999997,1.304045,0.46517264836408634,2.354121,1.1293755,0.4797440318488302,0.11587900000000001,0.0,0.0
Eswatini,0.367571,0.0,0.0,0.240186,0.0,0.0,0.12425,0.0,0.0,0.15195999999999998,0.0327995,0.21584298499605162,0.544259,0.015189,0.027907668959080142,0.503125,0.031051,0.06171627329192546,0.509434,0.2345755,0.4604629844101492,0.276129,0.202992,0.7351346653194702,0.253437,0.0755955,0.29828122965470705,0.055084999999999995,0.0,0.0
Ethiopia,63.079526,7.912355499999999,0.12543460615097202,41.829542000000004,8.002748,0.19131808806321618,40.344999,8.519666,0.2111703113439165,136.404643,34.197004,0.2507026392056171,131.141091,32.5684175,0.2483463973927135,140.813526,30.63643,0.2175673805654153,107.474539,28.665716,0.2667209951931034,423.89898,44.529336,0.10504704682233489,127.53262,32.6995285,0.25640129168521747,230.33001,85.609066,0.37168003422567475
"Europe, regional",47.734724,6.6900405,0.14015039659598744,92.723077,14.642206999999999,0.157913299188723,75.830845,11.071468,0.1460021710162929,94.473856,24.7847935,0.2623455265761567,109.051279,11.929515,0.10939362756121367,82.243431,14.408932,0.1751985760418969,84.324191,35.5537005,0.4216310892327446,43.875472,5.9157895,0.13483135862333287,167.464429,69.2519115,0.41353206715916974,107.604984,30.520304,0.2836328101679751
"Far East Asia, regional",23.33965,5.0620385,0.21688579306030725,24.110644999999998,3.351215,0.13899317085876384,10.600793,3.0249639999999998,0.2853526146581675,7.213933000000001,3.2784260000000005,0.45445750605113744,4.163263,1.6122155,0.3872480551913247,4.820519,1.1750425,0.24375850401170496,3.683856,1.130937,0.3069981562797243,2.336399,0.9804460000000002,0.4196397961135919,18.961799,5.2065434999999995,0.2745806713803896,22.943925,7.0679295,0.3080523275769076
Fiji,1.817984,0.220708,0.12140260860381609,2.077633,0.097496,0.04692647835301037,2.123454,0.1134265,0.05341603820944555,2.619498,0.284203,0.10849521549548806,2.4344040000000002,0.307458,0.12629703204562595,2.69867,0.677467,0.25103736284910716,1.803094,0.7571760000000001,0.4199315177134415,1.889185,1.099064,0.5817662113556905,1.043054,0.4201425,0.4028003344026292,1.824439,0.8613379999999999,0.4721111530722595
Gambia,0.077682,0.0,0.0,0.087704,0.0,0.0,0.135052,0.0,0.0,0.045369,0.0,0.0,0.028996,0.0,0.0,0.710043,0.0,0.0,0.280337,0.0,0.0,0.741492,0.0,0.0,0.048486,0.0,0.0,,,
Georgia,12.217248,0.6677225,0.05465408412762023,13.920042,4.155023,0.2984921309863864,12.289529,4.3511995,0.35405746631949847,10.222435,3.3956885,0.3321800040792629,10.398518000000001,4.9673745,0.4777002357451321,12.191129,6.79847,0.557657129212561,15.05717,5.9661515,0.39623325631576184,15.505337,2.195132,0.14157267268683035,38.029914,2.512671,0.06607090933731799,38.238607,32.7871355,0.8574354055313782
Ghana,46.489520999999996,4.940675000000001,0.1062750248599034,27.067409,4.472461,0.16523417516615646,56.691404,3.7018400000000002,0.06529808293334913,21.047940999999998,4.091045,0.19436794316365674,50.877457,4.9131745,0.09656879077112679,60.029739,10.267463,0.17103960755185024,78.436887,36.517520499999996,0.4655656528031256,71.448452,23.136362,0.32381894012203366,233.269042,24.7743995,0.10620526104788479,75.736841,27.667392,0.3653095591879783
Guatemala,15.055666,2.779176,0.1845933617284018,27.215556,3.8199715,0.1403598552239756,18.366856,4.0068114999999995,0.21815445713735654,21.284682,4.2835455,0.20125015257451342,18.542853,4.8481835,0.26145833653537565,26.896195000000002,4.9355105,0.18350218311549274,22.829009,5.002719,0.21913868446939594,20.163096,4.8981375,0.24292586317101303,21.544331,7.2438085,0.33622805460981825,20.05448,7.590027,0.37847039663955384
Guinea,3.970241,1.0947225,0.27573200216309285,8.307844,0.8991574999999999,0.10822994509766914,13.970801,0.0,0.0,26.496563000000002,0.0262395,0.0009902982511354396,13.02094,0.0173865,0.0013352722614496343,18.639203000000002,0.0252265,0.0013534108727717594,18.519396,0.130603,0.00705222783723616,11.112759,0.098371,0.008852077148438114,10.252080000000001,0.1823605,0.01778765869950293,10.863871999999999,0.29912099999999997,0.02753355341447322
Guinea-Bissau,0.439503,0.0,0.0,0.287534,0.0,0.0,,,,0.07347200000000001,0.011808,0.1607142857142857,0.099522,0.049761,0.5,0.277499,0.0310445,0.11187247521612691,0.274015,0.0450075,0.16425195700965275,0.35258,0.012492,0.03543025696295876,0.27395,0.032189,0.11749954371235627,0.18418299999999999,0.036623,0.19884028384812932
Guyana,0.292371,0.0050355,0.017222980391352085,0.653138,0.0,0.0,0.08867,0.0,0.0,,,,,,,,,,0.301809,0.1509045,0.5,0.44781,0.223905,0.5,0.691317,0.3456585,0.5,0.961959,0.4809795,0.5
Haiti,11.1803,3.5132765,0.3142381242006028,20.598056,9.898962000000001,0.4805774875065881,18.946276,13.077505,0.6902414490319891,22.38426,13.752298,0.6143735821510293,18.789896,11.3438365,0.6037200259117986,17.189402,10.671108,0.6207957670662423,12.453845,6.6814565,0.5364974833073641,10.643886,6.0003585,0.5637375766707761,6.386421,3.021797,0.4731596930424724,5.512005,2.313551,0.4197294813774661
Honduras,18.448182,2.725831,0.14775607699447024,30.127684000000002,2.0820220000000003,0.06910660640227108,20.501742,3.119141,0.15214029129817358,26.078502999999998,3.2919795,0.12623345366104796,16.295896,4.9667135,0.3047830877173001,16.156638,5.329243,0.3298485118005367,16.174594,5.7596359999999995,0.3560915346623229,20.403855,5.0142815,0.24575167290690902,19.072872999999998,5.6324475,0.29531195955638145,20.177851,6.441642,0.3192432137594831
India,87.731598,25.7163825,0.2931256592408131,90.631731,31.365431,0.3460756034771089,116.617307,32.956063,0.2826001032591157,98.127933,40.8276475,0.41606549992243286,107.629712,44.271083,0.41132771032593674,109.141781,51.661947500000004,0.47334711809403224,117.066689,62.242165,0.531681262463996,119.835516,33.182358,0.2768991957275838,112.342707,42.7584155,0.3806069538630576,83.162639,43.91219,0.5280278563550636
Indonesia,42.444576,12.168515,0.2866918731853983,54.704631,12.0390755,0.2200741560618515,79.655316,14.48357,0.18182804020261498,47.4358,13.810372,0.29113816990543007,41.069884,15.635216999999999,0.38069786123574145,65.371979,14.208215,0.2173441162000006,43.078131,19.3537945,0.4492719171126528,38.303088,14.157949,0.36962944084299415,46.273763,16.256245,0.35130587931653623,42.605256,15.933985,0.37399106345001193
Iraq,3.188768,0.0147945,0.004639566127106143,33.023836,0.260667,0.007893298646468568,98.340138,0.2093835,0.0021291763898073847,250.642095,0.327994,0.0013086149794590569,195.822164,0.742131,0.0037898212584352815,340.851993,1.2829445,0.0037639342774797857,395.342614,8.889192,0.02248478075778595,331.225478,21.921458,0.06618288584672222,208.643472,15.449583,0.07404776603794247,241.621486,20.185997,0.08354388235158855
Jordan,45.046474,2.4576725,0.05455859874848362,39.513364,6.584416500000001,0.1666377102187503,50.913906,9.007262,0.17691162803340998,188.798769,51.898863,0.27488983786753396,208.952619,59.910812,0.2867196031651558,212.751747,73.7315425,0.3465613962737519,196.411681,52.361892,0.2665925556637337,265.07222,38.3895745,0.1448268494525756,175.870743,41.988617,0.23874702684345853,207.995969,48.7843745,0.23454480745249442
Kazakhstan,1.523212,0.55177,0.36224110629380546,0.7851819999999999,0.203117,0.25868779467690295,0.628911,0.1235365,0.1964292244848635,1.487952,0.2117815,0.14233086820004948,3.47593,0.0439125,0.012633309646626945,,,,0.34452900000000003,0.0,0.0,0.31431200000000004,0.0822645,0.2617287917737789,,,,,,
Kenya,62.146015,5.74062,0.09237309906355218,74.200461,15.488989,0.20874518555888755,64.457633,14.5422085,0.2256087886441626,70.77170699999999,17.2171615,0.24327746538599107,70.071425,16.853471,0.24051845670328523,56.150168,16.2254675,0.28896560915009195,67.008466,16.406973,0.24484925531648494,68.642279,15.371978,0.22394329302498828,62.037967,17.5587795,0.2830327998981656,72.609634,21.360431000000002,0.294181774831698
Kosovo,26.800126,2.4040995,0.08970478347751053,33.726965,8.624233,0.25570735463448907,17.597152,0.8094060000000001,0.04599642032983519,19.864776,3.533848,0.17789518492431025,35.029334,2.404425,0.0686403287027952,31.498645,5.1156845,0.16240966873336934,30.243835,4.32793,0.1431012303829855,39.264552,4.700241,0.11970698150331627,30.10541,7.960784,0.2644303465722606,22.429855,6.2909255,0.2804710730408199
Kyrgyzstan,26.992874,3.1419195,0.11639810936767979,58.854844,16.880665,0.28681861768251393,37.778314,14.234999000000002,0.37680344866634335,45.502619,7.439423,0.16349439138876817,33.284854,8.336919,0.25047185125102245,31.807842,3.5573835,0.11183982553736276,28.915456,2.029934,0.07020238587971775,18.714704,1.87725,0.10030882668515623,35.333089,2.1467565,0.06075767957904841,24.733799,0.6931495,0.028024384770006416
Lao People's Democratic Republic,27.571109,7.3594425,0.2669258788248235,31.390327,6.5258009999999995,0.20789210000902505,33.044003,6.5436875,0.1980295032656909,34.695639,8.165138,0.23533614700106836,28.763245,7.5008585,0.26077928620362545,35.54785,11.1666995,0.31413150162386755,37.782187,11.969099,0.31679211687772335,29.923252,10.0505175,0.3358765116839573,33.502332,11.885112,0.35475476751887,30.553405,10.08887,0.33020444038888624
Lebanon,14.745772,2.440517,0.16550622103746077,96.164561,1.7327810000000001,0.01801891447307704,36.317142,2.0443205,0.05629078686863631,339.30493,2.3952675,0.007059335978407387,195.990065,2.3638705,0.012061175141709353,222.990976,2.0492155,0.009189679047819406,209.365711,1.9917435,0.009513226833977604,269.305616,7.273019000000001,0.027006562685272784,241.810879,3.3620535,0.01390364864436062,245.585053,4.0629785,0.01654407892649721
Lesotho,4.434240999999999,0.0,0.0,4.374473,0.1928935,0.04409525444550692,5.646635,0.2161635,0.038281826255814305,3.3356760000000003,0.0515195,0.015444995257333146,1.326632,0.2582505,0.19466626766126552,1.161116,0.295586,0.25457060276492616,0.844489,0.352335,0.4172168021134674,1.2504840000000002,0.20707799999999998,0.16559828034585006,1.041325,0.139436,0.1339024800134444,0.776501,0.1261965,0.16251943011019945
Liberia,25.012688999999998,10.958382,0.4381129114106844,30.337438000000002,21.364606500000004,0.7042323910146929,17.019207,3.947691,0.23195504937450961,52.652829,27.935353,0.5305574938812879,37.244262,17.958793,0.48218952492601413,35.525756,3.712676,0.10450660078845331,55.403044,19.377532,0.34975572822316403,33.878883,10.165938500000001,0.300067109650575,34.887249,8.958828500000001,0.2567937787241408,26.84186,6.164853,0.22967309269923916
Madagascar,11.196857,4.8056725,0.42919834557144027,15.967662,6.691808,0.41908502321755053,21.226203,9.9975785,0.47100173780491966,55.495325,30.605808999999997,0.5515024734065437,43.492512,21.4129275,0.4923359565894929,53.336742,32.08303,0.601518367957308,37.005946,21.863795,0.5908184322595077,37.10478,17.8615495,0.48138136110765245,83.032881,42.1868605,0.5080741507692597,65.034003,32.1598395,0.49450807295377464
Malawi,28.358207999999998,0.0544875,0.0019214013805103625,34.444073,0.0568725,0.0016511549026156109,49.070040999999996,0.254185,0.005180044581580847,58.983315,1.5947339999999999,0.027037035812585306,76.178267,2.84715,0.03737483290345788,60.874249999999996,3.910597,0.06424057791266423,72.173396,4.9026225,0.06792838873758968,99.522766,5.2206595,0.05245693734034683,92.839721,4.8391455,0.05212365405535848,77.642656,2.018001,0.02599088057987094
Malaysia,0.5891649999999999,0.033106,0.056191389508881216,0.619654,0.0828715,0.13373834430182005,0.7058880000000001,0.0,0.0,0.556802,0.0,0.0,0.335196,0.0,0.0,0.228447,0.0,0.0,0.141566,0.070783,0.5,0.10167000000000001,0.033515,0.3296449296744369,0.078306,0.039153,0.5,0.198768,0.099384,0.5
Mali,46.087798,10.3628995,0.22485126106480505,58.15253,14.795312000000001,0.2544224989007357,39.82516,9.049731,0.22723652585451007,44.557987000000004,16.228012,0.36419984592212384,52.143642,15.4688055,0.2966575579818533,104.153231,26.9564605,0.2588154034318916,89.210098,29.8688485,0.3348146585378709,88.453337,39.6618085,0.4483924501344703,101.009287,37.27304,0.36900606970921396,82.986087,27.3830345,0.32997139026449096
Mauritania,12.125649,6.0708315,0.5006603357890369,13.800225,6.188383,0.44842623942725574,19.522885,3.8995225,0.19974109871568674,16.522758,3.682016,0.2228451206511649,20.263057,3.010806,0.14858597101118554,26.092101,5.15407,0.19753372869436617,22.532501,4.3991985,0.195237914335386,22.496657,5.515418,0.24516611512546066,20.897773,5.980258,0.2861672389684776,23.559719,6.72926,0.28562564774223326
Mexico,16.053676,4.500559,0.2803444519498213,15.144004,5.9388435,0.3921580778768944,19.204408,7.943457,0.41362675694038575,19.907992,8.621487,0.43306662972337945,29.731638,11.224750499999999,0.37753555656772086,39.594579,17.315987500000002,0.4373322797547614,22.675062,9.684322,0.42709131291460195,22.308089,8.7213275,0.39094910819120365,39.640199,19.094582,0.48169743042914587,28.890715,14.894245,0.5155374313166012
Micronesia,0.021962000000000002,0.010981000000000001,0.5,0.012187,0.0060935,0.5,0.023797,0.0118985,0.5,0.024272,0.012136,0.5,,,,,,,,,,,,,,,,,,
"Middle East, regional",84.295519,5.129856500000001,0.060855625077769565,45.904726,1.3981135,0.030456853178907988,73.763221,3.7139025,0.05034897405036041,65.660082,3.5884164999999997,0.05465141667048176,61.385056999999996,1.7117255,0.027885051894632924,142.24212,0.873049,0.006137767069275964,149.336254,0.657139,0.00440039831185266,87.146039,0.7793415,0.008942936580284503,52.578717,0.6368265000000001,0.01211186838202994,55.357696,1.6870165,0.030474832261805116
Moldova,7.563196,2.0839525,0.2755386082814726,11.466754,4.13553,0.36065393920546307,6.842626,1.5656970000000001,0.22881522386288541,8.458549999999999,1.3983515,0.16531811007796846,8.540608,1.2827509999999998,0.15019434213582916,8.682613,1.4677025000000001,0.16903926271964445,9.151177,2.356116,0.2574658975561286,7.572876,1.5168285,0.2002975487780336,11.689243,1.4646765,0.12530122780405883,72.91730799999999,2.1601955,0.029625277718700205
Mongolia,27.564785,10.895857,0.3952817698378565,21.954607,7.5085605,0.3420038673431959,21.858368,6.676365,0.30543748737325677,18.520626,6.1843625,0.3339175738444262,17.22484,5.1697265,0.3001320476706896,26.32364,12.423911499999999,0.47196783955410415,22.899706000000002,8.6189655,0.3763788714143317,16.895088,4.347184,0.2573046082979858,18.926222,6.5613035,0.3466779318133329,16.224731,4.429609,0.2730158669502749
Montenegro,1.984706,0.739191,0.37244357602586986,18.088901999999997,0.3353295,0.018537858185090506,0.889795,0.389337,0.4375580892227985,1.625256,0.90734,0.5582751271184355,1.568376,1.018781,0.6495770146954556,1.078464,0.754649,0.6997442659189366,0.502202,0.44253699999999996,0.8811932250369372,4.755757,2.50691,0.5271316427647585,2.094004,1.206521,0.5761789375760504,0.133747,0.0,0.0
Morocco,21.924753,5.6984255,0.25990831002748355,22.283027,8.0100415,0.3594682849865954,25.436236,7.7636275,0.30521919595336355,36.410787,9.419167999999999,0.2586916893611775,35.463087,9.122143,0.25722924233866046,44.455581,15.933627,0.35841679810685634,57.204361,22.0213,0.3849584125238284,111.268397,28.4388435,0.2555877883277136,47.279567,9.621819499999999,0.2035090444038965,29.843244,8.302811,0.27821409093461824
Mozambique,61.926709,0.840303,0.013569314655490574,78.896248,3.1517304999999998,0.03994778687067603,75.972032,15.2871675,0.2012209901138356,87.793742,24.052923,0.2739708144573676,69.451236,12.211095499999999,0.1758225800329889,76.063758,12.2271335,0.16074848024206218,47.377359,10.3204825,0.2178357493502329,101.8587,10.9436265,0.10743929090004095,95.933538,18.981601,0.1978619927475207,83.84219399999999,19.176674,0.22872342772900242
Myanmar,11.676238,1.2483635,0.10691487275267941,1003.1247219999999,1.4227235,0.0014182917326206622,23.643012,3.510889,0.148495843084629,39.581644000000004,9.2854285,0.23458925809145267,39.804437,9.0339145,0.22695747461520432,53.307887,12.48532,0.23421149669653948,69.05651399999999,12.7983735,0.18533187904619688,63.55816,16.10625,0.25340963300385033,48.584270000000004,14.837842,0.30540423886167267,21.245369,3.383352,0.15925127024152885
Namibia,38.020429,5.003903,0.13161090318049803,34.950745,5.3239885000000005,0.15232832662079165,36.285997,6.447197,0.1776772731365215,56.011438,15.1918225,0.2712271464981849,53.293393,19.0041335,0.3565945500974201,44.203410999999996,18.448919,0.4173641486626451,42.184037000000004,17.6076345,0.4174004138105606,43.498408,15.3350375,0.35254249994620496,50.039441000000004,22.667460000000002,0.4529918709523554,58.773219,29.5285045,0.5024142798780513
Nepal,34.515620999999996,7.637011,0.2212624538900807,25.569494,5.140521,0.2010411703884324,28.954583,3.1164355,0.10763185572384172,27.226115,4.2181855,0.15493159784273297,37.251415,13.049279,0.35030290795665076,40.40612,8.00315,0.1980677679519835,34.810884,10.469177,0.30074435914928216,43.081401,6.1962019999999995,0.1438254526587935,34.17191,9.473220999999999,0.2772224613725133,25.331671,6.6790245,0.2636630050974529
Nicaragua,15.155626,4.6383645,0.3060490210038173,16.680679,6.072693,0.36405550397558756,12.34775,4.754556,0.38505444311716713,13.141743,4.8500075,0.3690535950976975,10.652329,4.470715,0.4196936651130471,10.909006999999999,5.224359499999999,0.47890330439791634,13.276295,5.3597375,0.4037073219599293,8.109698,3.1577705000000003,0.3893820090464528,5.581251,2.3689485,0.42444758352562895,3.46459,1.567181,0.45234241281075105
Niger,22.268389,3.654616,0.1641167665968113,23.623898,4.794433,0.20294842959447248,23.779706,5.09492,0.21425496177286632,26.582559,4.261019,0.16029378510925152,37.695443000000004,5.756521,0.15271132375337781,95.637236,27.152676,0.2839132239246228,102.393205,28.5969405,0.2792855297380329,136.667927,40.7780295,0.2983730740278222,114.328846,28.99718,0.25362960455316763,151.914538,50.96564599999999,0.3354889312831929
Nigeria,67.734885,1.5303859999999998,0.022593763907623077,52.68794,0.6226205,0.011817135002810892,17.860433,0.5571585,0.03119512835998993,33.798641,0.546778,0.016177514356272488,80.834365,0.522562,0.006464602029099875,91.35494299999999,21.692814,0.23745637934446526,111.644588,18.041088499999997,0.161593936823879,52.716173000000005,5.539402,0.10507974469239259,85.670359,5.5521705,0.06480853547024355,56.89507,5.2088085,0.09155113966816457
North Macedonia,7.816897,2.596273,0.33213601253796743,4.6744330000000005,1.1445315,0.24484926834976561,0.9081020000000001,0.0493955,0.054394220032551406,0.671403,0.0,0.0,0.313054,0.0,0.0,0.46108499999999997,0.0,0.0,0.738963,0.2606095,0.35266921347888863,3.445262,1.426132,0.41394007190164345,4.694022,0.1529355,0.03258090822752854,3.557999,0.0,0.0
"North of Sahara, regional",86.690944,4.7896395,0.05524959446744518,130.937724,5.3105695,0.040557979303199126,238.982774,5.391374,0.022559676204946887,154.389389,3.9742360000000003,0.025741639537157572,70.297533,4.767164,0.06781410095856422,111.313892,3.1611095,0.02839815806638043,18.060355,1.77539,0.09830316181492556,162.357295,1.62704,0.01002135444545316,89.786237,5.098089,0.05678029473492691,38.394896,2.0706685,0.05393082715994334
"Oceania, regional",5.179755,2.5898775,0.5,5.412911,2.6489055,0.489368012886227,23.833309,21.887306499999998,0.918349462091059,6.6221060000000005,3.3110530000000002,0.5,7.310991,3.3465879999999997,0.4577475201378308,4.690589,2.20073,0.46917988337925154,2.8378050000000004,1.3040845,0.4595398556278532,2.725909,1.33305,0.48902953106651764,2.031437,0.849066,0.41796324473759217,1.784521,0.7012205,0.39294606227665574
Pakistan,94.579684,6.7301649999999995,0.0711586750490729,81.981317,10.563122,0.12884791787377603,72.50507,19.1271495,0.26380430361628504,93.463357,15.2381335,0.16303858527144494,179.259082,16.730621499999998,0.09333207173291225,75.343138,9.694862,0.1286761111542766,40.796478,10.3574295,0.25388048203572866,50.004926,12.341619999999999,0.24680808446751826,78.502493,26.486574,0.3373978709185707,78.513715,30.2744025,0.38559380994772696
Panama,0.05697000000000001,0.028485000000000003,0.5,0.103644,0.051822,0.5,0.145784,0.072892,0.5,0.22736599999999998,0.12877049999999998,0.5663577667725165,0.235769,0.16370800000000002,0.6943576127480713,0.20808500000000002,0.1597335,0.7676358218997044,0.295323,0.2206755,0.7472343840472974,0.581779,0.1958325,0.33660977793973307,0.237103,0.237103,1.0,0.186185,0.186185,1.0
Papua New Guinea,1.538367,0.352788,0.22932629210064956,1.999647,0.426546,0.21331064932960667,1.641294,0.393559,0.23978580315287815,2.2796250000000002,0.319711,0.14024718977902068,1.539061,0.31537899999999996,0.20491650428410568,2.947888,0.56216,0.1906992395911921,2.711997,0.44894,0.1655385312004401,2.536266,0.3410375,0.13446440554736766,2.554366,0.4530055,0.1773455722476732,2.037578,0.365139,0.17920246488723376
Paraguay,6.208521,1.4569165,0.2346640206258463,4.324178,1.612282,0.3728528289075982,3.833593,1.459953,0.38083150715268943,2.685744,1.314885,0.48957942380211966,4.134371,2.30859,0.5583896558871955,4.776724,2.174182,0.4551617384634323,3.469551,1.6856125,0.4858301549681789,2.9602440000000003,0.6846490000000001,0.23128127275994817,3.160671,0.8905605,0.2817631129592419,4.158475,1.292571,0.3108281280998443
Peru,59.103319,16.9244495,0.2863536225436003,55.229245,13.0750205,0.23674088791183007,45.633268,14.7864185,0.32402716588257496,36.971981,11.1207795,0.3007893869684721,34.715771,17.034431,0.49068277930511767,36.760282000000004,15.4024385,0.41899674491071637,36.184021,18.8982835,0.5222825705302349,28.663736,12.6516165,0.4413805827684151,36.095072,17.4323635,0.4829568839757405,58.386969,40.8074885,0.6989143159666329
Philippines,29.301447,5.903103,0.2014611428575524,30.583849,6.878959500000001,0.22492131386078973,29.121234,5.479547,0.18816328319054063,32.065168,7.3467995,0.22912087970348385,31.906049,8.711696,0.27304214319986786,27.047225,7.1054569999999995,0.2627055825505204,24.897424,7.436738,0.2986950778522308,22.294888,7.4748114999999995,0.33527019736542296,19.416663,5.882788,0.3029762632229853,16.274205,4.8962845,0.30086167035501893
Rwanda,24.224532,0.309353,0.012770236386816472,32.444902,2.2735095000000003,0.07007293472484523,38.285455,4.340056499999999,0.11336045242246695,51.450662,7.620369,0.1481102225662325,45.219482,5.3258375,0.11777749908767199,43.539879,7.887963999999999,0.18116641986993118,43.674872,5.4796985000000005,0.12546570256691308,56.217867,9.653803,0.17172126078707325,94.608453,8.873754,0.09379451538014262,58.31706,4.540736,0.07786291009869153
Samoa,0.097374,0.0,0.0,,,,,,,,,,,,,,,,,,,,,,,,,,,
Sao Tome and Principe,0.009414,0.0,0.0,0.00236,0.0,0.0,,,,,,,,,,,,,,,,,,,,,,,,
Senegal,19.121053,2.1741835,0.11370626398033622,20.477604,7.926431,0.38707804877953494,20.64416,5.9713335,0.2892504950552602,19.36311,7.9646015,0.4113286295434979,16.31605,7.46439,0.4574875659243505,45.673486,36.091620500000005,0.7902094554376692,43.844192,27.32149,0.6231495838719071,177.753313,29.6836965,0.16699377355627684,115.138006,28.906484000000003,0.2510594460008279,51.440732,9.236323,0.17955271320789137
Serbia,32.585327,9.756492999999999,0.29941369009431756,36.367498,19.366525,0.5325228862320966,21.777989,4.8083285,0.22078845296505567,52.529305,18.9076635,0.3599450535277404,61.24228599999999,37.628479,0.6144198960829125,64.640792,9.785984,0.15139022430294477,26.569104,6.0559725,0.22793288399940023,40.61814,8.8507435,0.21790125052501175,48.699678,3.3001065,0.06776444189220307,27.77783,4.0066185,0.14423799483256972
Sierra Leone,9.680456,0.0,0.0,15.553212,3.5032865,0.22524520979975068,18.004689,0.0,0.0,20.528006,0.842438,0.04103847202694699,18.909465,2.8203805,0.14915178721344047,27.05899,5.5098335,0.20362302879745325,25.667164,5.611752,0.21863545189488018,31.595593,3.90623,0.12363211540292976,21.649776,2.0822805,0.09618023299640606,18.85525,1.6942955,0.08985802362737168
Solomon Islands,0.09794,0.04897,0.5,0.349361,0.0406235,0.11627943588437176,0.301673,0.041818,0.1386202941595701,0.432843,0.068145,0.15743583701249644,0.4542,0.0782235,0.1722225891677675,0.38738,0.0665325,0.17174996127833134,0.44401100000000004,0.0757845,0.17068158221305327,0.449263,0.08568300000000001,0.19071902204276783,0.404933,0.065108,0.16078709317343856,0.23502,0.0460755,0.19604927240234873
Somalia,5.279889000000001,2.1405555,0.40541676160237455,19.914296999999998,2.0735954999999997,0.10412597040206842,20.736261,3.913889,0.1887461293046032,29.584805,5.8486555,0.19769119654498313,117.577641,8.654698,0.07360836572660953,116.956602,13.8995825,0.11884393238442409,80.858264,12.482979499999999,0.15438099808821024,125.144491,15.3095175,0.12233472986038195,68.833332,17.210544000000002,0.25003212106599754,107.152069,19.456984000000002,0.1815829053193551
South Africa,50.666178,14.860395500000001,0.2933001084076245,49.822708,12.2692395,0.2462579814007701,63.770032,20.1287155,0.3156453724219552,94.333159,43.607841,0.4622747871721332,68.356862,24.5464725,0.35909302711994,52.255635,12.238610000000001,0.23420651189101427,56.14938,8.754104,0.15590740271753667,46.579667,7.463290000000001,0.1602263494069204,68.83932899999999,16.829096,0.2444692045153433,51.784462,8.6058765,0.16618646149109362
"South America, regional",34.845715,9.98467,0.2865393922896976,46.417078,4.0048185,0.08627898766053305,44.194403,3.5918465,0.08127378709018877,41.833151,1.101062,0.02632032189016792,45.705036,1.7640019999999998,0.03859535303724517,56.828009,2.9556389999999997,0.052010250790239715,55.059688,2.247951,0.04082752884469668,60.5105,2.8974685,0.04788373092273242,68.893394,20.3066275,0.2947543490163948,47.049848999999995,8.782613,0.18666612511338773
"South Asia, regional",8.139762,0.177946,0.021861327149368743,8.157231,0.20176300000000003,0.024734251120263732,11.603396,1.5551819999999998,0.13402817588919655,10.806988,0.500727,0.04633363153544725,10.130700000000001,2.5893569999999997,0.2555950724036838,11.89377,2.546882,0.21413580387042966,10.663641,1.6199350000000001,0.15191199703740965,11.688799,1.5691065,0.1342401815618525,14.931909,3.2778605,0.21952052480362694,4.691942,1.505409,0.32084987410330307
South Sudan,16.895477,2.8689240000000003,0.16980426181515917,65.485593,7.252526499999999,0.11074995533750454,48.691133,6.5371255,0.13425700116692704,59.559456,15.0344005,0.25242675990861974,59.364502,11.8473255,0.1995691886710344,67.35379,13.7122835,0.20358592293024638,82.311276,13.277927,0.1613135847875812,82.17899,12.8112315,0.15589424377203953,74.938083,7.5100295,0.10021646136851405,73.3916,22.431399499999998,0.3056398756805956
"South of Sahara, regional",156.979952,24.3021485,0.15481052319343303,226.291456,17.7934735,0.07863077914881594,216.01432,26.7700935,0.12392740212778487,260.110263,29.7178395,0.11425093019109363,299.799865,51.817820499999996,0.1728413736944144,379.398486,80.602377,0.2124478087664272,435.286647,82.262255,0.18898409948238085,581.612587,250.6592345,0.4309728504895648,525.152388,221.5865405,0.42194712537420664,464.395565,215.918833,0.4649459410750402
Sri Lanka,16.913504,2.185983,0.12924483300444425,12.878037,0.6372085,0.04948025075560816,15.094169,0.5087475,0.03370490286679578,15.769421,0.3971195,0.025182884013306515,10.765682,1.945665,0.18072844804444343,10.771418,1.8726735,0.1738558006011836,9.343009,1.8433655,0.19729891087550058,10.175536,2.7273225,0.26802740415836573,7.901256,1.8700595,0.23667876347760405,8.539124,1.4331615,0.1678347216880795
Sudan,3.416467,0.0,0.0,2.1542250000000003,0.0,0.0,1.704758,0.1438765,0.08439702292055529,23.376068,0.1778055,0.007606304875567611,31.04119,0.438679,0.014132157948841522,42.171336,4.3855735000000005,0.10399417983817257,60.661291,9.929233,0.16368317977274832,152.251939,14.234587,0.09349363360160556,123.470163,23.859855,0.19324389326350852,83.508433,20.143714,0.24121772228680186
Syrian Arab Republic,3.917386,0.0,0.0,3.680987,0.0,0.0,9.925638,1.382597,0.1392955294158421,54.707434,0.0,0.0,47.33633,0.0,0.0,63.785982,0.0,0.0,55.304596000000004,0.8567275,0.015491072387546235,98.40664100000001,1.7792195,0.01808027874866697,55.821736,2.7665854999999997,0.04956107957660076,91.437937,6.4577095,0.07062396322436715
Tajikistan,22.233979,3.0631575,0.13776920001588558,22.954759,3.092664,0.1347286634549289,33.516995,3.9159825,0.11683572766591993,25.151279,6.0089749999999995,0.238913297411237,24.545265,7.67314,0.31261182146536204,31.405457000000002,10.953691,0.3487830474812068,26.318123,3.2344679999999997,0.12289888606417713,16.899929,1.1915925,0.07050872817276334,14.682127,0.767942,0.05230454688206961,21.612527,0.7655325,0.035420777033615736
Tanzania,72.021237,11.666557000000001,0.16198773425677207,48.63357,7.8149705,0.16069086641182212,67.200247,6.3993535,0.09522812468233934,45.342638,7.0322915,0.15509224452269407,45.235201,8.7846425,0.19419925867025548,33.415197,8.992131,0.2691030371600084,31.630865,5.9866505,0.18926610132223698,47.171977,4.572776,0.09693840052537972,56.504134,14.531433,0.2571746874308347,31.013967,9.203812,0.2967634549943256
Thailand,5.141144000000001,0.5425465,0.10553030609529708,4.529866,0.0891005,0.019669566384524398,1.067582,0.0937905,0.08785320471870076,1.236079,0.0503145,0.04070492258180909,1.330784,0.0427215,0.03210250498954,1.5187970000000002,0.058805500000000004,0.03871847258060162,1.053912,0.0084145,0.007984063185541108,0.897366,0.0888815,0.09904710006842248,1.070273,0.1583035,0.14790945861476465,1.474164,0.235216,0.15955890932080827
Timor-Leste,8.184553,0.6058049999999999,0.07401809237474545,8.049192,0.7170995,0.08908962539345565,8.730518,0.447164,0.05121849585557237,9.007493,0.25857399999999997,0.028706544651214267,7.488957,0.007374500000000001,0.0009847165633345206,6.854324,0.20617649999999998,0.030079771542751696,10.676156,0.6526434999999999,0.06113094450849162,9.83403,0.3302855,0.0335859764511599,6.002865,0.6842130000000001,0.11398107403714727,7.173712,0.9083625,0.12662377580811718
Tnrkiye,9.592647,0.000823,8.579488018270661e-05,13.058039,0.0,0.0,1.580293,0.0,0.0,92.066832,0.0,0.0,135.92524799999998,0.3554375,0.0026149483280692638,130.460368,6.149446,0.047136506620922614,110.95980700000001,0.8403435,0.0075734044851033305,132.036106,0.0125245,9.485662959493822e-05,123.416642,0.001946,1.5767727661882098e-05,80.551638,0.097294,0.0012078463258562166
Togo,15.535792,4.4129215,0.28404869864375115,26.147428,8.8750865,0.33942483750218183,37.881739,15.082231,0.3981398794812455,20.571227,6.8134775,0.33121395724231717,26.583136,7.1321155,0.26829473768632867,29.355285,5.9906559999999995,0.2040741897072367,30.87167,6.358327,0.20595993025320625,41.217541,9.99402,0.2424700687505837,63.409462000000005,12.412409,0.19575010745241775,42.465135000000004,12.862532,0.3028962936300567
Tunisia,13.873996,2.4963629999999997,0.17993107393140373,14.562691,4.872478,0.33458637555380394,22.098859,9.2241105,0.4174021156476902,26.445773,9.0506005,0.34223240515601494,33.385606,13.787086500000001,0.41296499155953614,40.643921,14.260207,0.350857069129723,51.552319,12.002184,0.2328155984602749,60.084202,11.0364,0.1836822264860903,145.605737,13.892466,0.09541152901138779,105.36098199999999,13.1880795,0.125170430738772
Turkmenistan,0.379541,0.0,0.0,0.257281,0.0,0.0,,,,,,,,,,,,,,,,,,,,,,,,
Uganda,41.071555000000004,13.1786455,0.3208703809729142,45.344221,20.461678,0.45125216728279444,61.047887,22.277857,0.36492429295710105,53.970347000000004,19.0773565,0.35347848513925617,74.863829,25.8216295,0.34491462492520925,48.833981,18.567995,0.38022693664888796,63.846935,27.4475205,0.4298956637464273,60.554432,22.2909955,0.3681150126220324,70.801487,20.392210000000002,0.2880195157483063,54.464529,19.283552,0.3540570781397926
Ukraine,18.402719,1.8069175,0.09818752870160109,59.731469000000004,10.592551,0.17733618773045745,62.119137,6.209146499999999,0.0999554533412143,80.00217,7.5352795,0.09418843888859514,105.276177,9.9883875,0.09487794660324719,97.119977,6.956699,0.07162994900626882,66.136684,8.0965015,0.12242073551797668,54.536706,7.778677,0.14263195507260742,87.930291,10.489684,0.11929545416834798,497.460705,9.381525,0.018858826246386635
Uruguay,0.325917,0.0,0.0,,,,0.000298,0.0,0.0,,,,,,,,,,,,,,,,,,,,,
Uzbekistan,28.247690000000002,0.329409,0.011661449130884684,15.293072,0.3555865,0.023251476224005224,7.644324,1.208032,0.15802993175066887,13.327402999999999,1.2050575,0.09041952884594245,13.710347,0.378356,0.027596383957313408,13.114996,0.2001935,0.015264472821798802,13.500749,0.5349155,0.03962117212904261,14.395964,1.052172,0.07308798493800069,10.004909,0.875672,0.08752423435335595,16.70151,1.441712,0.08632225469433603
Vanuatu,0.289679,0.0,0.0,0.051456,0.0,0.0,0.011977,0.0,0.0,0.087676,0.0,0.0,0.06463,0.06463,1.0,,,,,,,,,,,,,,,
Venezuela,0.300577,0.0277265,0.09224425022539982,0.384989,0.1780385,0.46245087521981143,0.356677,0.2440085,0.6841161611205656,0.372707,0.20274,0.5439661718186135,0.231245,0.050795,0.21965880343358773,0.142879,0.014473,0.1012955017882264,0.404498,0.0,0.0,0.10225200000000001,0.0,0.0,0.274899,0.0018255,0.006640620737070706,0.054915,0.0,0.0
Viet Nam,46.843933,11.3921865,0.2431944922301891,38.694275,12.584918499999999,0.32523980614703335,46.451817,14.113034,0.3038209248090339,63.183272,16.986918,0.2688515086714724,65.066525,15.2773845,0.2347963795515436,58.107268,15.853804499999999,0.27283685923764306,38.22416,11.5763245,0.3028536009686021,69.357911,14.467986,0.20859892968806398,42.998264999999996,16.2991835,0.3790660739450767,35.122922,17.8591085,0.5084744515276947
West Bank and Gaza Strip,65.512934,0.515857,0.00787412452020543,81.509666,5.5180419999999994,0.06769800774303258,69.909619,7.9325695000000005,0.1134689276449926,91.566377,10.002078,0.10923308672570936,133.574896,18.328803,0.13721742295049214,141.095571,47.3199445,0.3353751231496841,138.645197,38.7136895,0.279228493577026,125.368739,22.402397,0.17869205017687861,159.76052,14.668054999999999,0.09181276450527326,150.189918,17.381477,0.1157299852843651
Yemen,106.707073,12.119512,0.11357740081578285,100.847234,13.3128385,0.13200995180492506,93.105737,4.304551,0.04623292977101937,88.477167,3.53826,0.03999065657244654,52.33279,3.33522,0.06373098013692753,72.454648,2.8655215,0.039549174264154864,102.365202,1.6441575000000002,0.01606168373506458,162.732128,11.103325,0.06823068767342612,195.091377,7.3704469999999995,0.03777946064730477,240.614682,4.985232,0.02071873569211375
Zambia,32.695041,1.69415,0.05181672657942224,37.651866999999996,2.539247,0.06744013517311108,36.798254,6.43244,0.17480285885303146,30.529957,4.848362,0.1588067090955942,35.748872,8.5808075,0.24003016095165186,40.290695,8.46261,0.21003881913677586,34.457854,11.176441,0.32435104635361217,58.763541999999994,23.927938,0.40719019285801394,45.487788,17.616660500000002,0.38728329678286405,57.744454000000005,12.3336425,0.21359007914422395
Zimbabwe,30.72378,3.132449,0.10195519561720595,34.900245,2.5311714999999997,0.07252589487552308,32.2113,3.382721,0.10501659355567766,40.595887000000005,4.419193,0.10885814614667735,31.653671,4.4157715,0.1395026662152393,46.306087999999995,4.4979575,0.09713533779834739,27.335759000000003,2.9122295,0.1065355273288735,35.958506,3.166484,0.08805938711691748,40.98858,3.8123614999999997,0.09301033360999575,31.354668000000004,2.7707405,0.08836771928186259
Libya,,,,,,,1.32942,0.0,0.0,5.903893,0.0,0.0,15.888267,0.0,0.0,30.487331,0.0,0.0,11.087178999999999,0.0,0.0,23.405892,0.0,0.0,24.467154,1.7762845,0.07259873788344978,20.639282,0.9646735,0.046739683095565046
Iran,,,,,,,,,,,,,0.12925,0.0,0.0,0.392807,0.0,0.0,1.9107319999999999,0.0,0.0,1.829852,0.0,0.0,2.498817,0.0,0.0,2.8898349999999997,0.0,0.0
Tonga,,,,,,,,,,,,,2.051596,0.0,0.0,,,,,,,,,,,,,,,
"Caribbean, regional",,,,,,,,,,,,,,,,,,,0.94017,0.911696,0.9697139878958061,1.1156599999999999,1.048343,0.9396617248982666,3.37803,2.0580495,0.6092454773936289,3.290475,1.739953,0.5287847499221238
"Central America, regional",,,,,,,,,,,,,,,,,,,7.082341,5.124281000000001,0.723529268076756,6.512341,3.3098765,0.5082468040294573,7.760249,3.8821044999999996,0.5002551464521305,9.319793,4.376188,0.46955849770483093
"Eastern Africa, regional",,,,,,,,,,,,,,,,,,,19.232934,3.173632,0.16501028912177415,27.979557,6.321787,0.22594306979199133,31.071347,2.476874,0.0797156943340757,31.393523000000002,3.239855,0.10320138329170638
"Middle Africa, regional",,,,,,,,,,,,,,,,,,,5.435574,2.559305,0.4708435576445101,5.156201,1.411457,0.27373971650833623,7.093164,1.7527165000000002,0.24709939034258904,7.3529160000000005,1.5804885,0.21494717197911684
"Western Africa, regional",,,,,,,,,,,,,,,,,,,22.828161,6.761736,0.2962015205692653,34.419681000000004,8.0317575,0.23334781923167733,29.927608,7.35677,0.24581884392498057,37.365181,12.119308,0.32434763262621424
"South & Central Asia, regional",,,,,,,,,,,,,,,,,,,,,,,,,2.119008,0.0,0.0,15.884540999999999,2.7507604999999997,0.17317217412829242
