,Recipient Name,Year,Value
0,Afghanistan,2013,0.07878155960200071
1,"Africa, regional",2013,0.2579933307781619
2,Albania,2013,0.27341433581601704
3,Algeria,2013,0.19328337161045975
4,"America, regional",2013,0.2122791907496837
5,Angola,2013,0.07841433669794953
6,Argentina,2013,0.28990059794150835
7,Armenia,2013,0.082527200742354
8,"Asia, regional",2013,0.20979086838634206
9,Azerbaijan,2013,0.0904428776722155
10,Bangladesh,2013,0.3680200365423299
11,Belarus,2013,0.1122637125375346
12,Belize,2013,0.5
13,Benin,2013,0.23697704147858953
14,Bhutan,2013,0.0
15,"Bilateral, unspecified",2013,0.14248506630966976
16,Bolivia,2013,0.24058163946605157
17,Bosnia and Herzegovina,2013,0.11694967858111101
18,Botswana,2013,0.0
19,Brazil,2013,0.7134782420388515
20,Burkina Faso,2013,0.2068175091986842
21,Burundi,2013,0.2864433067321892
22,C(te d'Ivoire,2013,0.005265301673477169
23,Cabo Verde,2013,0.452749916971106
24,Cambodia,2013,0.20655951059109814
25,Cameroon,2013,0.16599659309792353
26,"Caribbean & Central America, regional",2013,0.39191071197271277
27,Central African Republic,2013,0.0
28,"Central Asia, regional",2013,0.16514994138149827
29,Chad,2013,0.3867089927488509
30,Chile,2013,0.22366019327315714
31,China (People's Republic of),2013,0.29900901809543595
32,Colombia,2013,0.18671305250053902
33,Congo,2013,0.44347264304085243
34,Costa Rica,2013,0.22994094826249395
35,Cuba,2013,0.3816679527804686
36,Democratic People's Republic of Korea,2013,0.0
37,Democratic Republic of the Congo,2013,0.2552647781958949
38,Djibouti,2013,0.16080800918397484
39,Dominican Republic,2013,0.30375290235173014
40,Ecuador,2013,0.4328548477019923
41,Egypt,2013,0.056402189123614645
42,El Salvador,2013,0.06493480506365913
43,Eritrea,2013,0.0
44,Eswatini,2013,0.0
45,Ethiopia,2013,0.12543460615097202
46,"Europe, regional",2013,0.14015039659598744
47,"Far East Asia, regional",2013,0.21688579306030725
48,Fiji,2013,0.12140260860381609
49,Gambia,2013,0.0
50,Georgia,2013,0.05465408412762023
51,Ghana,2013,0.1062750248599034
52,Guatemala,2013,0.1845933617284018
53,Guinea,2013,0.27573200216309285
54,Guinea-Bissau,2013,0.0
55,Guyana,2013,0.017222980391352085
56,Haiti,2013,0.3142381242006028
57,Honduras,2013,0.14775607699447024
58,India,2013,0.2931256592408131
59,Indonesia,2013,0.2866918731853983
60,Iraq,2013,0.004639566127106143
61,Jordan,2013,0.05455859874848362
62,Kazakhstan,2013,0.36224110629380546
63,Kenya,2013,0.09237309906355218
64,Kosovo,2013,0.08970478347751053
65,Kyrgyzstan,2013,0.11639810936767979
66,Lao People's Democratic Republic,2013,0.2669258788248235
67,Lebanon,2013,0.16550622103746077
68,Lesotho,2013,0.0
69,Liberia,2013,0.4381129114106844
70,Madagascar,2013,0.42919834557144027
71,Malawi,2013,0.0019214013805103625
72,Malaysia,2013,0.056191389508881216
73,Mali,2013,0.22485126106480505
74,Mauritania,2013,0.5006603357890369
75,Mexico,2013,0.2803444519498213
76,Micronesia,2013,0.5
77,"Middle East, regional",2013,0.060855625077769565
78,Moldova,2013,0.2755386082814726
79,Mongolia,2013,0.3952817698378565
80,Montenegro,2013,0.37244357602586986
81,Morocco,2013,0.25990831002748355
82,Mozambique,2013,0.013569314655490574
83,Myanmar,2013,0.10691487275267941
84,Namibia,2013,0.13161090318049803
85,Nepal,2013,0.2212624538900807
86,Nicaragua,2013,0.3060490210038173
87,Niger,2013,0.1641167665968113
88,Nigeria,2013,0.022593763907623077
89,North Macedonia,2013,0.33213601253796743
90,"North of Sahara, regional",2013,0.05524959446744518
91,"Oceania, regional",2013,0.5
92,Pakistan,2013,0.0711586750490729
93,Panama,2013,0.5
94,Papua New Guinea,2013,0.22932629210064956
95,Paraguay,2013,0.2346640206258463
96,Peru,2013,0.2863536225436003
97,Philippines,2013,0.2014611428575524
98,Rwanda,2013,0.012770236386816472
99,Samoa,2013,0.0
100,Sao Tome and Principe,2013,0.0
101,Senegal,2013,0.11370626398033622
102,Serbia,2013,0.29941369009431756
103,Sierra Leone,2013,0.0
104,Solomon Islands,2013,0.5
105,Somalia,2013,0.40541676160237455
106,South Africa,2013,0.2933001084076245
107,"South America, regional",2013,0.2865393922896976
108,"South Asia, regional",2013,0.021861327149368743
109,South Sudan,2013,0.16980426181515917
110,"South of Sahara, regional",2013,0.15481052319343303
111,Sri Lanka,2013,0.12924483300444425
112,Sudan,2013,0.0
113,Syrian Arab Republic,2013,0.0
114,Tajikistan,2013,0.13776920001588558
115,Tanzania,2013,0.16198773425677207
116,Thailand,2013,0.10553030609529708
117,Timor-Leste,2013,0.07401809237474545
118,Tnrkiye,2013,8.579488018270661e-05
119,Togo,2013,0.28404869864375115
120,Tunisia,2013,0.17993107393140373
121,Turkmenistan,2013,0.0
122,Uganda,2013,0.3208703809729142
123,Ukraine,2013,0.09818752870160109
124,Uruguay,2013,0.0
125,Uzbekistan,2013,0.011661449130884684
126,Vanuatu,2013,0.0
127,Venezuela,2013,0.09224425022539982
128,Viet Nam,2013,0.2431944922301891
129,West Bank and Gaza Strip,2013,0.00787412452020543
130,Yemen,2013,0.11357740081578285
131,Zambia,2013,0.05181672657942224
132,Zimbabwe,2013,0.10195519561720595
133,Libya,2013,
134,Iran,2013,
135,Tonga,2013,
136,"Caribbean, regional",2013,
137,"Central America, regional",2013,
138,"Eastern Africa, regional",2013,
139,"Middle Africa, regional",2013,
140,"Western Africa, regional",2013,
141,"South & Central Asia, regional",2013,
142,Afghanistan,2014,0.10632922682105017
143,"Africa, regional",2014,0.12097005138826261
144,Albania,2014,0.2840924742974757
145,Algeria,2014,0.4873007493367493
146,"America, regional",2014,0.2777346716731822
147,Angola,2014,0.16461139698651772
148,Argentina,2014,0.3155680386502017
149,Armenia,2014,0.145165992025782
150,"Asia, regional",2014,0.16529801381690082
151,Azerbaijan,2014,0.4295920838063194
152,Bangladesh,2014,0.4534448756056418
153,Belarus,2014,0.0
154,Belize,2014,
155,Benin,2014,0.33797439089597864
156,Bhutan,2014,0.0
157,"Bilateral, unspecified",2014,0.22124668184229268
158,Bolivia,2014,0.28844763410315966
159,Bosnia and Herzegovina,2014,0.06938365516663936
160,Botswana,2014,0.0
161,Brazil,2014,0.5784247917029743
162,Burkina Faso,2014,0.17795686071171454
163,Burundi,2014,0.23111658179001188
164,C(te d'Ivoire,2014,0.2982067674620488
165,Cabo Verde,2014,
166,Cambodia,2014,0.2220930458826333
167,Cameroon,2014,0.1942895405864432
168,"Caribbean & Central America, regional",2014,0.4455112971183003
169,Central African Republic,2014,0.07414644847376761
170,"Central Asia, regional",2014,0.289810538428867
171,Chad,2014,0.3039664941915726
172,Chile,2014,0.049486543304450285
173,China (People's Republic of),2014,0.22649797403751037
174,Colombia,2014,0.19241869826341512
175,Congo,2014,0.38989042629768855
176,Costa Rica,2014,0.047475678008358134
177,Cuba,2014,0.44764460560914354
178,Democratic People's Republic of Korea,2014,0.0
179,Democratic Republic of the Congo,2014,0.15396793174711926
180,Djibouti,2014,0.321095089471792
181,Dominican Republic,2014,0.3735400769101404
182,Ecuador,2014,0.5721190778118305
183,Egypt,2014,0.06226982711736321
184,El Salvador,2014,0.13118005331631508
185,Eritrea,2014,
186,Eswatini,2014,0.0
187,Ethiopia,2014,0.19131808806321618
188,"Europe, regional",2014,0.157913299188723
189,"Far East Asia, regional",2014,0.13899317085876384
190,Fiji,2014,0.04692647835301037
191,Gambia,2014,0.0
192,Georgia,2014,0.2984921309863864
193,Ghana,2014,0.16523417516615646
194,Guatemala,2014,0.1403598552239756
195,Guinea,2014,0.10822994509766914
196,Guinea-Bissau,2014,0.0
197,Guyana,2014,0.0
198,Haiti,2014,0.4805774875065881
199,Honduras,2014,0.06910660640227108
200,India,2014,0.3460756034771089
201,Indonesia,2014,0.2200741560618515
202,Iraq,2014,0.007893298646468568
203,Jordan,2014,0.1666377102187503
204,Kazakhstan,2014,0.25868779467690295
205,Kenya,2014,0.20874518555888755
206,Kosovo,2014,0.25570735463448907
207,Kyrgyzstan,2014,0.28681861768251393
208,Lao People's Democratic Republic,2014,0.20789210000902505
209,Lebanon,2014,0.01801891447307704
210,Lesotho,2014,0.04409525444550692
211,Liberia,2014,0.7042323910146929
212,Madagascar,2014,0.41908502321755053
213,Malawi,2014,0.0016511549026156109
214,Malaysia,2014,0.13373834430182005
215,Mali,2014,0.2544224989007357
216,Mauritania,2014,0.44842623942725574
217,Mexico,2014,0.3921580778768944
218,Micronesia,2014,0.5
219,"Middle East, regional",2014,0.030456853178907988
220,Moldova,2014,0.36065393920546307
221,Mongolia,2014,0.3420038673431959
222,Montenegro,2014,0.018537858185090506
223,Morocco,2014,0.3594682849865954
224,Mozambique,2014,0.03994778687067603
225,Myanmar,2014,0.0014182917326206622
226,Namibia,2014,0.15232832662079165
227,Nepal,2014,0.2010411703884324
228,Nicaragua,2014,0.36405550397558756
229,Niger,2014,0.20294842959447248
230,Nigeria,2014,0.011817135002810892
231,North Macedonia,2014,0.24484926834976561
232,"North of Sahara, regional",2014,0.040557979303199126
233,"Oceania, regional",2014,0.489368012886227
234,Pakistan,2014,0.12884791787377603
235,Panama,2014,0.5
236,Papua New Guinea,2014,0.21331064932960667
237,Paraguay,2014,0.3728528289075982
238,Peru,2014,0.23674088791183007
239,Philippines,2014,0.22492131386078973
240,Rwanda,2014,0.07007293472484523
241,Samoa,2014,
242,Sao Tome and Principe,2014,0.0
243,Senegal,2014,0.38707804877953494
244,Serbia,2014,0.5325228862320966
245,Sierra Leone,2014,0.22524520979975068
246,Solomon Islands,2014,0.11627943588437176
247,Somalia,2014,0.10412597040206842
248,South Africa,2014,0.2462579814007701
249,"South America, regional",2014,0.08627898766053305
250,"South Asia, regional",2014,0.024734251120263732
251,South Sudan,2014,0.11074995533750454
252,"South of Sahara, regional",2014,0.07863077914881594
253,Sri Lanka,2014,0.04948025075560816
254,Sudan,2014,0.0
255,Syrian Arab Republic,2014,0.0
256,Tajikistan,2014,0.1347286634549289
257,Tanzania,2014,0.16069086641182212
258,Thailand,2014,0.019669566384524398
259,Timor-Leste,2014,0.08908962539345565
260,Tnrkiye,2014,0.0
261,Togo,2014,0.33942483750218183
262,Tunisia,2014,0.33458637555380394
263,Turkmenistan,2014,0.0
264,Uganda,2014,0.45125216728279444
265,Ukraine,2014,0.17733618773045745
266,Uruguay,2014,
267,Uzbekistan,2014,0.023251476224005224
268,Vanuatu,2014,0.0
269,Venezuela,2014,0.46245087521981143
270,Viet Nam,2014,0.32523980614703335
271,West Bank and Gaza Strip,2014,0.06769800774303258
272,Yemen,2014,0.13200995180492506
273,Zambia,2014,0.06744013517311108
274,Zimbabwe,2014,0.07252589487552308
275,Libya,2014,
276,Iran,2014,
277,Tonga,2014,
278,"Caribbean, regional",2014,
279,"Central America, regional",2014,
280,"Eastern Africa, regional",2014,
281,"Middle Africa, regional",2014,
282,"Western Africa, regional",2014,
283,"South & Central Asia, regional",2014,
284,Afghanistan,2015,0.15353274966507033
285,"Africa, regional",2015,0.4160352987303154
286,Albania,2015,0.3321570146708638
287,Algeria,2015,0.575859298049828
288,"America, regional",2015,0.12055902197480764
289,Angola,2015,0.09836091431031477
290,Argentina,2015,0.023894390072948718
291,Armenia,2015,0.2870962827669093
292,"Asia, regional",2015,0.15682888734351125
293,Azerbaijan,2015,0.30708070736552223
294,Bangladesh,2015,0.35938981799283476
295,Belarus,2015,0.0
296,Belize,2015,
297,Benin,2015,0.29025072550336256
298,Bhutan,2015,0.0
299,"Bilateral, unspecified",2015,0.15592236592049863
300,Bolivia,2015,0.45963873594798305
301,Bosnia and Herzegovina,2015,0.024829272026825333
302,Botswana,2015,
303,Brazil,2015,0.5426909165009323
304,Burkina Faso,2015,0.1667865368634183
305,Burundi,2015,0.25377171951114813
306,C(te d'Ivoire,2015,0.2917330980360282
307,Cabo Verde,2015,0.5
308,Cambodia,2015,0.20454714638562002
309,Cameroon,2015,0.2550475336515738
310,"Caribbean & Central America, regional",2015,0.4679605347015854
311,Central African Republic,2015,0.03754051838494803
312,"Central Asia, regional",2015,0.1565596735322456
313,Chad,2015,0.20294207624289362
314,Chile,2015,0.5047553056303219
315,China (People's Republic of),2015,0.2285981151017779
316,Colombia,2015,0.2126715572044604
317,Congo,2015,0.3585026085026085
318,Costa Rica,2015,0.022917582577605684
319,Cuba,2015,0.2010551957861226
320,Democratic People's Republic of Korea,2015,0.2692501309978292
321,Democratic Republic of the Congo,2015,0.15483461370612497
322,Djibouti,2015,0.0
323,Dominican Republic,2015,0.3421619431471648
324,Ecuador,2015,0.3011851541716236
325,Egypt,2015,0.14658598848347196
326,El Salvador,2015,0.16163484931937472
327,Eritrea,2015,0.0
328,Eswatini,2015,0.0
329,Ethiopia,2015,0.2111703113439165
330,"Europe, regional",2015,0.1460021710162929
331,"Far East Asia, regional",2015,0.2853526146581675
332,Fiji,2015,0.05341603820944555
333,Gambia,2015,0.0
334,Georgia,2015,0.35405746631949847
335,Ghana,2015,0.06529808293334913
336,Guatemala,2015,0.21815445713735654
337,Guinea,2015,0.0
338,Guinea-Bissau,2015,
339,Guyana,2015,0.0
340,Haiti,2015,0.6902414490319891
341,Honduras,2015,0.15214029129817358
342,India,2015,0.2826001032591157
343,Indonesia,2015,0.18182804020261498
344,Iraq,2015,0.0021291763898073847
345,Jordan,2015,0.17691162803340998
346,Kazakhstan,2015,0.1964292244848635
347,Kenya,2015,0.2256087886441626
348,Kosovo,2015,0.04599642032983519
349,Kyrgyzstan,2015,0.37680344866634335
350,Lao People's Democratic Republic,2015,0.1980295032656909
351,Lebanon,2015,0.05629078686863631
352,Lesotho,2015,0.038281826255814305
353,Liberia,2015,0.23195504937450961
354,Madagascar,2015,0.47100173780491966
355,Malawi,2015,0.005180044581580847
356,Malaysia,2015,0.0
357,Mali,2015,0.22723652585451007
358,Mauritania,2015,0.19974109871568674
359,Mexico,2015,0.41362675694038575
360,Micronesia,2015,0.5
361,"Middle East, regional",2015,0.05034897405036041
362,Moldova,2015,0.22881522386288541
363,Mongolia,2015,0.30543748737325677
364,Montenegro,2015,0.4375580892227985
365,Morocco,2015,0.30521919595336355
366,Mozambique,2015,0.2012209901138356
367,Myanmar,2015,0.148495843084629
368,Namibia,2015,0.1776772731365215
369,Nepal,2015,0.10763185572384172
370,Nicaragua,2015,0.38505444311716713
371,Niger,2015,0.21425496177286632
372,Nigeria,2015,0.03119512835998993
373,North Macedonia,2015,0.054394220032551406
374,"North of Sahara, regional",2015,0.022559676204946887
375,"Oceania, regional",2015,0.918349462091059
376,Pakistan,2015,0.26380430361628504
377,Panama,2015,0.5
378,Papua New Guinea,2015,0.23978580315287815
379,Paraguay,2015,0.38083150715268943
380,Peru,2015,0.32402716588257496
381,Philippines,2015,0.18816328319054063
382,Rwanda,2015,0.11336045242246695
383,Samoa,2015,
384,Sao Tome and Principe,2015,
385,Senegal,2015,0.2892504950552602
386,Serbia,2015,0.22078845296505567
387,Sierra Leone,2015,0.0
388,Solomon Islands,2015,0.1386202941595701
389,Somalia,2015,0.1887461293046032
390,South Africa,2015,0.3156453724219552
391,"South America, regional",2015,0.08127378709018877
392,"South Asia, regional",2015,0.13402817588919655
393,South Sudan,2015,0.13425700116692704
394,"South of Sahara, regional",2015,0.12392740212778487
395,Sri Lanka,2015,0.03370490286679578
396,Sudan,2015,0.08439702292055529
397,Syrian Arab Republic,2015,0.1392955294158421
398,Tajikistan,2015,0.11683572766591993
399,Tanzania,2015,0.09522812468233934
400,Thailand,2015,0.08785320471870076
401,Timor-Leste,2015,0.05121849585557237
402,Tnrkiye,2015,0.0
403,Togo,2015,0.3981398794812455
404,Tunisia,2015,0.4174021156476902
405,Turkmenistan,2015,
406,Uganda,2015,0.36492429295710105
407,Ukraine,2015,0.0999554533412143
408,Uruguay,2015,0.0
409,Uzbekistan,2015,0.15802993175066887
410,Vanuatu,2015,0.0
411,Venezuela,2015,0.6841161611205656
412,Viet Nam,2015,0.3038209248090339
413,West Bank and Gaza Strip,2015,0.1134689276449926
414,Yemen,2015,0.04623292977101937
415,Zambia,2015,0.17480285885303146
416,Zimbabwe,2015,0.10501659355567766
417,Libya,2015,0.0
418,Iran,2015,
419,Tonga,2015,
420,"Caribbean, regional",2015,
421,"Central America, regional",2015,
422,"Eastern Africa, regional",2015,
423,"Middle Africa, regional",2015,
424,"Western Africa, regional",2015,
425,"South & Central Asia, regional",2015,
426,Afghanistan,2016,0.1106428473460177
427,"Africa, regional",2016,0.1286924763482647
428,Albania,2016,0.3460198703356744
429,Algeria,2016,0.5787417323006077
430,"America, regional",2016,0.24427658348030756
431,Angola,2016,0.22896925893961476
432,Argentina,2016,0.28721963952518476
433,Armenia,2016,0.32175244551932075
434,"Asia, regional",2016,0.1954239042790388
435,Azerbaijan,2016,0.3350218419001275
436,Bangladesh,2016,0.491817455424816
437,Belarus,2016,0.0
438,Belize,2016,
439,Benin,2016,0.3397126504198784
440,Bhutan,2016,0.0
441,"Bilateral, unspecified",2016,0.21522464572391348
442,Bolivia,2016,0.4727045567499008
443,Bosnia and Herzegovina,2016,0.13703291898192635
444,Botswana,2016,0.0
445,Brazil,2016,0.4880828758742039
446,Burkina Faso,2016,0.18862358901234985
447,Burundi,2016,0.1485206233734654
448,C(te d'Ivoire,2016,0.2645722179423089
449,Cabo Verde,2016,
450,Cambodia,2016,0.14820088059085465
451,Cameroon,2016,0.26142333049072314
452,"Caribbean & Central America, regional",2016,0.4534509292799899
453,Central African Republic,2016,0.11400373299573215
454,"Central Asia, regional",2016,0.24769383625201055
455,Chad,2016,0.23239470201833548
456,Chile,2016,0.5581515521390937
457,China (People's Republic of),2016,0.1932629021914174
458,Colombia,2016,0.3191180477409255
459,Congo,2016,0.34766163892210067
460,Costa Rica,2016,0.06571065723912356
461,Cuba,2016,0.4346649228909771
462,Democratic People's Republic of Korea,2016,0.2883204636335038
463,Democratic Republic of the Congo,2016,0.20344347363874782
464,Djibouti,2016,0.0
465,Dominican Republic,2016,0.3739413794813598
466,Ecuador,2016,0.2933937773660029
467,Egypt,2016,0.2454538089332141
468,El Salvador,2016,0.05401612032962692
469,Eritrea,2016,0.0
470,Eswatini,2016,0.21584298499605162
471,Ethiopia,2016,0.2507026392056171
472,"Europe, regional",2016,0.2623455265761567
473,"Far East Asia, regional",2016,0.45445750605113744
474,Fiji,2016,0.10849521549548806
475,Gambia,2016,0.0
476,Georgia,2016,0.3321800040792629
477,Ghana,2016,0.19436794316365674
478,Guatemala,2016,0.20125015257451342
479,Guinea,2016,0.0009902982511354396
480,Guinea-Bissau,2016,0.1607142857142857
481,Guyana,2016,
482,Haiti,2016,0.6143735821510293
483,Honduras,2016,0.12623345366104796
484,India,2016,0.41606549992243286
485,Indonesia,2016,0.29113816990543007
486,Iraq,2016,0.0013086149794590569
487,Jordan,2016,0.27488983786753396
488,Kazakhstan,2016,0.14233086820004948
489,Kenya,2016,0.24327746538599107
490,Kosovo,2016,0.17789518492431025
491,Kyrgyzstan,2016,0.16349439138876817
492,Lao People's Democratic Republic,2016,0.23533614700106836
493,Lebanon,2016,0.007059335978407387
494,Lesotho,2016,0.015444995257333146
495,Liberia,2016,0.5305574938812879
496,Madagascar,2016,0.5515024734065437
497,Malawi,2016,0.027037035812585306
498,Malaysia,2016,0.0
499,Mali,2016,0.36419984592212384
500,Mauritania,2016,0.2228451206511649
501,Mexico,2016,0.43306662972337945
502,Micronesia,2016,0.5
503,"Middle East, regional",2016,0.05465141667048176
504,Moldova,2016,0.16531811007796846
505,Mongolia,2016,0.3339175738444262
506,Montenegro,2016,0.5582751271184355
507,Morocco,2016,0.2586916893611775
508,Mozambique,2016,0.2739708144573676
509,Myanmar,2016,0.23458925809145267
510,Namibia,2016,0.2712271464981849
511,Nepal,2016,0.15493159784273297
512,Nicaragua,2016,0.3690535950976975
513,Niger,2016,0.16029378510925152
514,Nigeria,2016,0.016177514356272488
515,North Macedonia,2016,0.0
516,"North of Sahara, regional",2016,0.025741639537157572
517,"Oceania, regional",2016,0.5
518,Pakistan,2016,0.16303858527144494
519,Panama,2016,0.5663577667725165
520,Papua New Guinea,2016,0.14024718977902068
521,Paraguay,2016,0.48957942380211966
522,Peru,2016,0.3007893869684721
523,Philippines,2016,0.22912087970348385
524,Rwanda,2016,0.1481102225662325
525,Samoa,2016,
526,Sao Tome and Principe,2016,
527,Senegal,2016,0.4113286295434979
528,Serbia,2016,0.3599450535277404
529,Sierra Leone,2016,0.04103847202694699
530,Solomon Islands,2016,0.15743583701249644
531,Somalia,2016,0.19769119654498313
532,South Africa,2016,0.4622747871721332
533,"South America, regional",2016,0.02632032189016792
534,"South Asia, regional",2016,0.04633363153544725
535,South Sudan,2016,0.25242675990861974
536,"South of Sahara, regional",2016,0.11425093019109363
537,Sri Lanka,2016,0.025182884013306515
538,Sudan,2016,0.007606304875567611
539,Syrian Arab Republic,2016,0.0
540,Tajikistan,2016,0.238913297411237
541,Tanzania,2016,0.15509224452269407
542,Thailand,2016,0.04070492258180909
543,Timor-Leste,2016,0.028706544651214267
544,Tnrkiye,2016,0.0
545,Togo,2016,0.33121395724231717
546,Tunisia,2016,0.34223240515601494
547,Turkmenistan,2016,
548,Uganda,2016,0.35347848513925617
549,Ukraine,2016,0.09418843888859514
550,Uruguay,2016,
551,Uzbekistan,2016,0.09041952884594245
552,Vanuatu,2016,0.0
553,Venezuela,2016,0.5439661718186135
554,Viet Nam,2016,0.2688515086714724
555,West Bank and Gaza Strip,2016,0.10923308672570936
556,Yemen,2016,0.03999065657244654
557,Zambia,2016,0.1588067090955942
558,Zimbabwe,2016,0.10885814614667735
559,Libya,2016,0.0
560,Iran,2016,
561,Tonga,2016,
562,"Caribbean, regional",2016,
563,"Central America, regional",2016,
564,"Eastern Africa, regional",2016,
565,"Middle Africa, regional",2016,
566,"Western Africa, regional",2016,
567,"South & Central Asia, regional",2016,
568,Afghanistan,2017,0.13720469037894334
569,"Africa, regional",2017,0.30556301799594326
570,Albania,2017,0.3524563257952034
571,Algeria,2017,0.6147287771243914
572,"America, regional",2017,0.38721682733032803
573,Angola,2017,0.14440483444659638
574,Argentina,2017,0.2796671143263334
575,Armenia,2017,0.4562745577941831
576,"Asia, regional",2017,0.19174367355565827
577,Azerbaijan,2017,0.4470518696376786
578,Bangladesh,2017,0.3867161908043054
579,Belarus,2017,0.02358412423097953
580,Belize,2017,
581,Benin,2017,0.34690689909875805
582,Bhutan,2017,0.0
583,"Bilateral, unspecified",2017,0.17829401029513287
584,Bolivia,2017,0.3320814292469103
585,Bosnia and Herzegovina,2017,0.07999741979155815
586,Botswana,2017,0.0
587,Brazil,2017,0.7040023999058013
588,Burkina Faso,2017,0.2446660665084481
589,Burundi,2017,0.3058375307675904
590,C(te d'Ivoire,2017,0.09999943348757345
591,Cabo Verde,2017,
592,Cambodia,2017,0.27074551124919527
593,Cameroon,2017,0.2068897784621513
594,"Caribbean & Central America, regional",2017,0.33697849725874246
595,Central African Republic,2017,0.02413303462857499
596,"Central Asia, regional",2017,0.23253113135256878
597,Chad,2017,0.09672989865046057
598,Chile,2017,0.5661586277001663
599,China (People's Republic of),2017,0.10955695464344413
600,Colombia,2017,0.34235293962857516
601,Congo,2017,0.30924243238883814
602,Costa Rica,2017,0.12393414891424684
603,Cuba,2017,0.04909069353142871
604,Democratic People's Republic of Korea,2017,0.08346168640840279
605,Democratic Republic of the Congo,2017,0.19331989476176292
606,Djibouti,2017,0.0
607,Dominican Republic,2017,0.07010575655172781
608,Ecuador,2017,0.5552127810951937
609,Egypt,2017,0.16616092707470814
610,El Salvador,2017,0.10507429637454711
611,Eritrea,2017,0.05238201678735206
612,Eswatini,2017,0.027907668959080142
613,Ethiopia,2017,0.2483463973927135
614,"Europe, regional",2017,0.10939362756121367
615,"Far East Asia, regional",2017,0.3872480551913247
616,Fiji,2017,0.12629703204562595
617,Gambia,2017,0.0
618,Georgia,2017,0.4777002357451321
619,Ghana,2017,0.09656879077112679
620,Guatemala,2017,0.26145833653537565
621,Guinea,2017,0.0013352722614496343
622,Guinea-Bissau,2017,0.5
623,Guyana,2017,
624,Haiti,2017,0.6037200259117986
625,Honduras,2017,0.3047830877173001
626,India,2017,0.41132771032593674
627,Indonesia,2017,0.38069786123574145
628,Iraq,2017,0.0037898212584352815
629,Jordan,2017,0.2867196031651558
630,Kazakhstan,2017,0.012633309646626945
631,Kenya,2017,0.24051845670328523
632,Kosovo,2017,0.0686403287027952
633,Kyrgyzstan,2017,0.25047185125102245
634,Lao People's Democratic Republic,2017,0.26077928620362545
635,Lebanon,2017,0.012061175141709353
636,Lesotho,2017,0.19466626766126552
637,Liberia,2017,0.48218952492601413
638,Madagascar,2017,0.4923359565894929
639,Malawi,2017,0.03737483290345788
640,Malaysia,2017,0.0
641,Mali,2017,0.2966575579818533
642,Mauritania,2017,0.14858597101118554
643,Mexico,2017,0.37753555656772086
644,Micronesia,2017,
645,"Middle East, regional",2017,0.027885051894632924
646,Moldova,2017,0.15019434213582916
647,Mongolia,2017,0.3001320476706896
648,Montenegro,2017,0.6495770146954556
649,Morocco,2017,0.25722924233866046
650,Mozambique,2017,0.1758225800329889
651,Myanmar,2017,0.22695747461520432
652,Namibia,2017,0.3565945500974201
653,Nepal,2017,0.35030290795665076
654,Nicaragua,2017,0.4196936651130471
655,Niger,2017,0.15271132375337781
656,Nigeria,2017,0.006464602029099875
657,North Macedonia,2017,0.0
658,"North of Sahara, regional",2017,0.06781410095856422
659,"Oceania, regional",2017,0.4577475201378308
660,Pakistan,2017,0.09333207173291225
661,Panama,2017,0.6943576127480713
662,Papua New Guinea,2017,0.20491650428410568
663,Paraguay,2017,0.5583896558871955
664,Peru,2017,0.49068277930511767
665,Philippines,2017,0.27304214319986786
666,Rwanda,2017,0.11777749908767199
667,Samoa,2017,
668,Sao Tome and Principe,2017,
669,Senegal,2017,0.4574875659243505
670,Serbia,2017,0.6144198960829125
671,Sierra Leone,2017,0.14915178721344047
672,Solomon Islands,2017,0.1722225891677675
673,Somalia,2017,0.07360836572660953
674,South Africa,2017,0.35909302711994
675,"South America, regional",2017,0.03859535303724517
676,"South Asia, regional",2017,0.2555950724036838
677,South Sudan,2017,0.1995691886710344
678,"South of Sahara, regional",2017,0.1728413736944144
679,Sri Lanka,2017,0.18072844804444343
680,Sudan,2017,0.014132157948841522
681,Syrian Arab Republic,2017,0.0
682,Tajikistan,2017,0.31261182146536204
683,Tanzania,2017,0.19419925867025548
684,Thailand,2017,0.03210250498954
685,Timor-Leste,2017,0.0009847165633345206
686,Tnrkiye,2017,0.0026149483280692638
687,Togo,2017,0.26829473768632867
688,Tunisia,2017,0.41296499155953614
689,Turkmenistan,2017,
690,Uganda,2017,0.34491462492520925
691,Ukraine,2017,0.09487794660324719
692,Uruguay,2017,
693,Uzbekistan,2017,0.027596383957313408
694,Vanuatu,2017,1.0
695,Venezuela,2017,0.21965880343358773
696,Viet Nam,2017,0.2347963795515436
697,West Bank and Gaza Strip,2017,0.13721742295049214
698,Yemen,2017,0.06373098013692753
699,Zambia,2017,0.24003016095165186
700,Zimbabwe,2017,0.1395026662152393
701,Libya,2017,0.0
702,Iran,2017,0.0
703,Tonga,2017,0.0
704,"Caribbean, regional",2017,
705,"Central America, regional",2017,
706,"Eastern Africa, regional",2017,
707,"Middle Africa, regional",2017,
708,"Western Africa, regional",2017,
709,"South & Central Asia, regional",2017,
710,Afghanistan,2018,0.16413474411864212
711,"Africa, regional",2018,0.1928830741401976
712,Albania,2018,0.7881471782429932
713,Algeria,2018,0.5843191882980359
714,"America, regional",2018,0.2688320735791526
715,Angola,2018,0.2940767545246573
716,Argentina,2018,0.19444380167440675
717,Armenia,2018,0.3101529968617503
718,"Asia, regional",2018,0.17405543435285462
719,Azerbaijan,2018,0.49868329277737916
720,Bangladesh,2018,0.2872578227991145
721,Belarus,2018,0.0
722,Belize,2018,
723,Benin,2018,0.3048413226493009
724,Bhutan,2018,0.0
725,"Bilateral, unspecified",2018,0.20003664897650675
726,Bolivia,2018,0.36259204151747143
727,Bosnia and Herzegovina,2018,0.2588187582653708
728,Botswana,2018,0.0
729,Brazil,2018,0.5464900300869483
730,Burkina Faso,2018,0.21657722032374763
731,Burundi,2018,0.25282096108110597
732,C(te d'Ivoire,2018,0.29283609883100015
733,Cabo Verde,2018,
734,Cambodia,2018,0.18490702563409442
735,Cameroon,2018,0.20112296298811097
736,"Caribbean & Central America, regional",2018,0.460327552590315
737,Central African Republic,2018,0.06200755347276227
738,"Central Asia, regional",2018,0.20469354929316866
739,Chad,2018,0.1288731767273756
740,Chile,2018,
741,China (People's Republic of),2018,0.06916382375731706
742,Colombia,2018,0.14676817324657956
743,Congo,2018,0.33093453698972347
744,Costa Rica,2018,0.12721424175731208
745,Cuba,2018,0.06834066706914042
746,Democratic People's Republic of Korea,2018,0.07951504368593376
747,Democratic Republic of the Congo,2018,0.22322857139518756
748,Djibouti,2018,0.5106114540620916
749,Dominican Republic,2018,0.46058599913459536
750,Ecuador,2018,0.7193856913687219
751,Egypt,2018,0.10262971349606968
752,El Salvador,2018,0.13854225236935538
753,Eritrea,2018,0.3476044662946607
754,Eswatini,2018,0.06171627329192546
755,Ethiopia,2018,0.2175673805654153
756,"Europe, regional",2018,0.1751985760418969
757,"Far East Asia, regional",2018,0.24375850401170496
758,Fiji,2018,0.25103736284910716
759,Gambia,2018,0.0
760,Georgia,2018,0.557657129212561
761,Ghana,2018,0.17103960755185024
762,Guatemala,2018,0.18350218311549274
763,Guinea,2018,0.0013534108727717594
764,Guinea-Bissau,2018,0.11187247521612691
765,Guyana,2018,
766,Haiti,2018,0.6207957670662423
767,Honduras,2018,0.3298485118005367
768,India,2018,0.47334711809403224
769,Indonesia,2018,0.2173441162000006
770,Iraq,2018,0.0037639342774797857
771,Jordan,2018,0.3465613962737519
772,Kazakhstan,2018,
773,Kenya,2018,0.28896560915009195
774,Kosovo,2018,0.16240966873336934
775,Kyrgyzstan,2018,0.11183982553736276
776,Lao People's Democratic Republic,2018,0.31413150162386755
777,Lebanon,2018,0.009189679047819406
778,Lesotho,2018,0.25457060276492616
779,Liberia,2018,0.10450660078845331
780,Madagascar,2018,0.601518367957308
781,Malawi,2018,0.06424057791266423
782,Malaysia,2018,0.0
783,Mali,2018,0.2588154034318916
784,Mauritania,2018,0.19753372869436617
785,Mexico,2018,0.4373322797547614
786,Micronesia,2018,
787,"Middle East, regional",2018,0.006137767069275964
788,Moldova,2018,0.16903926271964445
789,Mongolia,2018,0.47196783955410415
790,Montenegro,2018,0.6997442659189366
791,Morocco,2018,0.35841679810685634
792,Mozambique,2018,0.16074848024206218
793,Myanmar,2018,0.23421149669653948
794,Namibia,2018,0.4173641486626451
795,Nepal,2018,0.1980677679519835
796,Nicaragua,2018,0.47890330439791634
797,Niger,2018,0.2839132239246228
798,Nigeria,2018,0.23745637934446526
799,North Macedonia,2018,0.0
800,"North of Sahara, regional",2018,0.02839815806638043
801,"Oceania, regional",2018,0.46917988337925154
802,Pakistan,2018,0.1286761111542766
803,Panama,2018,0.7676358218997044
804,Papua New Guinea,2018,0.1906992395911921
805,Paraguay,2018,0.4551617384634323
806,Peru,2018,0.41899674491071637
807,Philippines,2018,0.2627055825505204
808,Rwanda,2018,0.18116641986993118
809,Samoa,2018,
810,Sao Tome and Principe,2018,
811,Senegal,2018,0.7902094554376692
812,Serbia,2018,0.15139022430294477
813,Sierra Leone,2018,0.20362302879745325
814,Solomon Islands,2018,0.17174996127833134
815,Somalia,2018,0.11884393238442409
816,South Africa,2018,0.23420651189101427
817,"South America, regional",2018,0.052010250790239715
818,"South Asia, regional",2018,0.21413580387042966
819,South Sudan,2018,0.20358592293024638
820,"South of Sahara, regional",2018,0.2124478087664272
821,Sri Lanka,2018,0.1738558006011836
822,Sudan,2018,0.10399417983817257
823,Syrian Arab Republic,2018,0.0
824,Tajikistan,2018,0.3487830474812068
825,Tanzania,2018,0.2691030371600084
826,Thailand,2018,0.03871847258060162
827,Timor-Leste,2018,0.030079771542751696
828,Tnrkiye,2018,0.047136506620922614
829,Togo,2018,0.2040741897072367
830,Tunisia,2018,0.350857069129723
831,Turkmenistan,2018,
832,Uganda,2018,0.38022693664888796
833,Ukraine,2018,0.07162994900626882
834,Uruguay,2018,
835,Uzbekistan,2018,0.015264472821798802
836,Vanuatu,2018,
837,Venezuela,2018,0.1012955017882264
838,Viet Nam,2018,0.27283685923764306
839,West Bank and Gaza Strip,2018,0.3353751231496841
840,Yemen,2018,0.039549174264154864
841,Zambia,2018,0.21003881913677586
842,Zimbabwe,2018,0.09713533779834739
843,Libya,2018,0.0
844,Iran,2018,0.0
845,Tonga,2018,
846,"Caribbean, regional",2018,
847,"Central America, regional",2018,
848,"Eastern Africa, regional",2018,
849,"Middle Africa, regional",2018,
850,"Western Africa, regional",2018,
851,"South & Central Asia, regional",2018,
852,Afghanistan,2019,0.16528137908537516
853,"Africa, regional",2019,0.23409584677946318
854,Albania,2019,0.27172151643684866
855,Algeria,2019,0.4552948235526276
856,"America, regional",2019,0.39150774472817884
857,Angola,2019,0.3096776661767529
858,Argentina,2019,0.18778022742821782
859,Armenia,2019,0.3625030022729688
860,"Asia, regional",2019,0.15119049402623397
861,Azerbaijan,2019,0.5
862,Bangladesh,2019,0.4387324082133214
863,Belarus,2019,0.0
864,Belize,2019,
865,Benin,2019,0.3413887617360235
866,Bhutan,2019,0.0
867,"Bilateral, unspecified",2019,0.2323906186755084
868,Bolivia,2019,0.43406317710742637
869,Bosnia and Herzegovina,2019,0.23594246421512297
870,Botswana,2019,0.0
871,Brazil,2019,0.5533329552513008
872,Burkina Faso,2019,0.3826167738613664
873,Burundi,2019,0.24212905256801773
874,C(te d'Ivoire,2019,0.6081743595441093
875,Cabo Verde,2019,
876,Cambodia,2019,0.14046562138748828
877,Cameroon,2019,0.22354177127006342
878,"Caribbean & Central America, regional",2019,0.4600819627095057
879,Central African Republic,2019,0.08296851696546244
880,"Central Asia, regional",2019,0.2876773357191807
881,Chad,2019,0.16573793377985716
882,Chile,2019,
883,China (People's Republic of),2019,0.1156242275694604
884,Colombia,2019,0.17052420336260676
885,Congo,2019,0.3111314098129725
886,Costa Rica,2019,0.44977212683281176
887,Cuba,2019,0.23180854015958155
888,Democratic People's Republic of Korea,2019,0.10471692805401224
889,Democratic Republic of the Congo,2019,0.27412699377584016
890,Djibouti,2019,0.8681257113316398
891,Dominican Republic,2019,0.3511045477514431
892,Ecuador,2019,0.5391979797196883
893,Egypt,2019,0.10441141801126251
894,El Salvador,2019,0.1491115366628634
895,Eritrea,2019,0.3467219853725446
896,Eswatini,2019,0.4604629844101492
897,Ethiopia,2019,0.2667209951931034
898,"Europe, regional",2019,0.4216310892327446
899,"Far East Asia, regional",2019,0.3069981562797243
900,Fiji,2019,0.4199315177134415
901,Gambia,2019,0.0
902,Georgia,2019,0.39623325631576184
903,Ghana,2019,0.4655656528031256
904,Guatemala,2019,0.21913868446939594
905,Guinea,2019,0.00705222783723616
906,Guinea-Bissau,2019,0.16425195700965275
907,Guyana,2019,0.5
908,Haiti,2019,0.5364974833073641
909,Honduras,2019,0.3560915346623229
910,India,2019,0.531681262463996
911,Indonesia,2019,0.4492719171126528
912,Iraq,2019,0.02248478075778595
913,Jordan,2019,0.2665925556637337
914,Kazakhstan,2019,0.0
915,Kenya,2019,0.24484925531648494
916,Kosovo,2019,0.1431012303829855
917,Kyrgyzstan,2019,0.07020238587971775
918,Lao People's Democratic Republic,2019,0.31679211687772335
919,Lebanon,2019,0.009513226833977604
920,Lesotho,2019,0.4172168021134674
921,Liberia,2019,0.34975572822316403
922,Madagascar,2019,0.5908184322595077
923,Malawi,2019,0.06792838873758968
924,Malaysia,2019,0.5
925,Mali,2019,0.3348146585378709
926,Mauritania,2019,0.195237914335386
927,Mexico,2019,0.42709131291460195
928,Micronesia,2019,
929,"Middle East, regional",2019,0.00440039831185266
930,Moldova,2019,0.2574658975561286
931,Mongolia,2019,0.3763788714143317
932,Montenegro,2019,0.8811932250369372
933,Morocco,2019,0.3849584125238284
934,Mozambique,2019,0.2178357493502329
935,Myanmar,2019,0.18533187904619688
936,Namibia,2019,0.4174004138105606
937,Nepal,2019,0.30074435914928216
938,Nicaragua,2019,0.4037073219599293
939,Niger,2019,0.2792855297380329
940,Nigeria,2019,0.161593936823879
941,North Macedonia,2019,0.35266921347888863
942,"North of Sahara, regional",2019,0.09830316181492556
943,"Oceania, regional",2019,0.4595398556278532
944,Pakistan,2019,0.25388048203572866
945,Panama,2019,0.7472343840472974
946,Papua New Guinea,2019,0.1655385312004401
947,Paraguay,2019,0.4858301549681789
948,Peru,2019,0.5222825705302349
949,Philippines,2019,0.2986950778522308
950,Rwanda,2019,0.12546570256691308
951,Samoa,2019,
952,Sao Tome and Principe,2019,
953,Senegal,2019,0.6231495838719071
954,Serbia,2019,0.22793288399940023
955,Sierra Leone,2019,0.21863545189488018
956,Solomon Islands,2019,0.17068158221305327
957,Somalia,2019,0.15438099808821024
958,South Africa,2019,0.15590740271753667
959,"South America, regional",2019,0.04082752884469668
960,"South Asia, regional",2019,0.15191199703740965
961,South Sudan,2019,0.1613135847875812
962,"South of Sahara, regional",2019,0.18898409948238085
963,Sri Lanka,2019,0.19729891087550058
964,Sudan,2019,0.16368317977274832
965,Syrian Arab Republic,2019,0.015491072387546235
966,Tajikistan,2019,0.12289888606417713
967,Tanzania,2019,0.18926610132223698
968,Thailand,2019,0.007984063185541108
969,Timor-Leste,2019,0.06113094450849162
970,Tnrkiye,2019,0.0075734044851033305
971,Togo,2019,0.20595993025320625
972,Tunisia,2019,0.2328155984602749
973,Turkmenistan,2019,
974,Uganda,2019,0.4298956637464273
975,Ukraine,2019,0.12242073551797668
976,Uruguay,2019,
977,Uzbekistan,2019,0.03962117212904261
978,Vanuatu,2019,
979,Venezuela,2019,0.0
980,Viet Nam,2019,0.3028536009686021
981,West Bank and Gaza Strip,2019,0.279228493577026
982,Yemen,2019,0.01606168373506458
983,Zambia,2019,0.32435104635361217
984,Zimbabwe,2019,0.1065355273288735
985,Libya,2019,0.0
986,Iran,2019,0.0
987,Tonga,2019,
988,"Caribbean, regional",2019,0.9697139878958061
989,"Central America, regional",2019,0.723529268076756
990,"Eastern Africa, regional",2019,0.16501028912177415
991,"Middle Africa, regional",2019,0.4708435576445101
992,"Western Africa, regional",2019,0.2962015205692653
993,"South & Central Asia, regional",2019,
994,Afghanistan,2020,0.1706128257240078
995,"Africa, regional",2020,0.23468252567224734
996,Albania,2020,0.1929763681062368
997,Algeria,2020,0.4026331174742722
998,"America, regional",2020,0.36928984651149904
999,Angola,2020,0.3975925084900521
1000,Argentina,2020,0.2022137997188776
1001,Armenia,2020,0.33476041439589754
1002,"Asia, regional",2020,0.15730024855303154
1003,Azerbaijan,2020,0.5
1004,Bangladesh,2020,0.36302659790133585
1005,Belarus,2020,0.0
1006,Belize,2020,
1007,Benin,2020,0.2175888152196745
1008,Bhutan,2020,0.0
1009,"Bilateral, unspecified",2020,0.2477098494188792
1010,Bolivia,2020,0.4515509616681494
1011,Bosnia and Herzegovina,2020,0.1021975730733743
1012,Botswana,2020,0.0
1013,Brazil,2020,0.4840095145583078
1014,Burkina Faso,2020,0.3254842320013042
1015,Burundi,2020,0.22757529872528443
1016,C(te d'Ivoire,2020,0.1724586386057479
1017,Cabo Verde,2020,
1018,Cambodia,2020,0.13335043806961078
1019,Cameroon,2020,0.17127436004386387
1020,"Caribbean & Central America, regional",2020,0.3341954428728423
1021,Central African Republic,2020,0.10207515562927046
1022,"Central Asia, regional",2020,0.21046422447969504
1023,Chad,2020,0.35103812039412685
1024,Chile,2020,
1025,China (People's Republic of),2020,0.15987422121482645
1026,Colombia,2020,0.17148992545155622
1027,Congo,2020,0.0
1028,Costa Rica,2020,0.25651700453704657
1029,Cuba,2020,0.4412123316589656
1030,Democratic People's Republic of Korea,2020,0.025781438639811572
1031,Democratic Republic of the Congo,2020,0.1691184060672756
1032,Djibouti,2020,0.0
1033,Dominican Republic,2020,0.4485524479811761
1034,Ecuador,2020,0.40973153171985194
1035,Egypt,2020,0.33758650272088425
1036,El Salvador,2020,0.20054221072274475
1037,Eritrea,2020,0.46517264836408634
1038,Eswatini,2020,0.7351346653194702
1039,Ethiopia,2020,0.10504704682233489
1040,"Europe, regional",2020,0.13483135862333287
1041,"Far East Asia, regional",2020,0.4196397961135919
1042,Fiji,2020,0.5817662113556905
1043,Gambia,2020,0.0
1044,Georgia,2020,0.14157267268683035
1045,Ghana,2020,0.32381894012203366
1046,Guatemala,2020,0.24292586317101303
1047,Guinea,2020,0.008852077148438114
1048,Guinea-Bissau,2020,0.03543025696295876
1049,Guyana,2020,0.5
1050,Haiti,2020,0.5637375766707761
1051,Honduras,2020,0.24575167290690902
1052,India,2020,0.2768991957275838
1053,Indonesia,2020,0.36962944084299415
1054,Iraq,2020,0.06618288584672222
1055,Jordan,2020,0.1448268494525756
1056,Kazakhstan,2020,0.2617287917737789
1057,Kenya,2020,0.22394329302498828
1058,Kosovo,2020,0.11970698150331627
1059,Kyrgyzstan,2020,0.10030882668515623
1060,Lao People's Democratic Republic,2020,0.3358765116839573
1061,Lebanon,2020,0.027006562685272784
1062,Lesotho,2020,0.16559828034585006
1063,Liberia,2020,0.300067109650575
1064,Madagascar,2020,0.48138136110765245
1065,Malawi,2020,0.05245693734034683
1066,Malaysia,2020,0.3296449296744369
1067,Mali,2020,0.4483924501344703
1068,Mauritania,2020,0.24516611512546066
1069,Mexico,2020,0.39094910819120365
1070,Micronesia,2020,
1071,"Middle East, regional",2020,0.008942936580284503
1072,Moldova,2020,0.2002975487780336
1073,Mongolia,2020,0.2573046082979858
1074,Montenegro,2020,0.5271316427647585
1075,Morocco,2020,0.2555877883277136
1076,Mozambique,2020,0.10743929090004095
1077,Myanmar,2020,0.25340963300385033
1078,Namibia,2020,0.35254249994620496
1079,Nepal,2020,0.1438254526587935
1080,Nicaragua,2020,0.3893820090464528
1081,Niger,2020,0.2983730740278222
1082,Nigeria,2020,0.10507974469239259
1083,North Macedonia,2020,0.41394007190164345
1084,"North of Sahara, regional",2020,0.01002135444545316
1085,"Oceania, regional",2020,0.48902953106651764
1086,Pakistan,2020,0.24680808446751826
1087,Panama,2020,0.33660977793973307
1088,Papua New Guinea,2020,0.13446440554736766
1089,Paraguay,2020,0.23128127275994817
1090,Peru,2020,0.4413805827684151
1091,Philippines,2020,0.33527019736542296
1092,Rwanda,2020,0.17172126078707325
1093,Samoa,2020,
1094,Sao Tome and Principe,2020,
1095,Senegal,2020,0.16699377355627684
1096,Serbia,2020,0.21790125052501175
1097,Sierra Leone,2020,0.12363211540292976
1098,Solomon Islands,2020,0.19071902204276783
1099,Somalia,2020,0.12233472986038195
1100,South Africa,2020,0.1602263494069204
1101,"South America, regional",2020,0.04788373092273242
1102,"South Asia, regional",2020,0.1342401815618525
1103,South Sudan,2020,0.15589424377203953
1104,"South of Sahara, regional",2020,0.4309728504895648
1105,Sri Lanka,2020,0.26802740415836573
1106,Sudan,2020,0.09349363360160556
1107,Syrian Arab Republic,2020,0.01808027874866697
1108,Tajikistan,2020,0.07050872817276334
1109,Tanzania,2020,0.09693840052537972
1110,Thailand,2020,0.09904710006842248
1111,Timor-Leste,2020,0.0335859764511599
1112,Tnrkiye,2020,9.485662959493822e-05
1113,Togo,2020,0.2424700687505837
1114,Tunisia,2020,0.1836822264860903
1115,Turkmenistan,2020,
1116,Uganda,2020,0.3681150126220324
1117,Ukraine,2020,0.14263195507260742
1118,Uruguay,2020,
1119,Uzbekistan,2020,0.07308798493800069
1120,Vanuatu,2020,
1121,Venezuela,2020,0.0
1122,Viet Nam,2020,0.20859892968806398
1123,West Bank and Gaza Strip,2020,0.17869205017687861
1124,Yemen,2020,0.06823068767342612
1125,Zambia,2020,0.40719019285801394
1126,Zimbabwe,2020,0.08805938711691748
1127,Libya,2020,0.0
1128,Iran,2020,0.0
1129,Tonga,2020,
1130,"Caribbean, regional",2020,0.9396617248982666
1131,"Central America, regional",2020,0.5082468040294573
1132,"Eastern Africa, regional",2020,0.22594306979199133
1133,"Middle Africa, regional",2020,0.27373971650833623
1134,"Western Africa, regional",2020,0.23334781923167733
1135,"South & Central Asia, regional",2020,
1136,Afghanistan,2021,0.13506831728576832
1137,"Africa, regional",2021,0.20520458251053075
1138,Albania,2021,0.2683737556081573
1139,Algeria,2021,0.253201979922083
1140,"America, regional",2021,0.3566365999402605
1141,Angola,2021,0.37574718313897343
1142,Argentina,2021,0.20734077394044456
1143,Armenia,2021,0.3535819869644237
1144,"Asia, regional",2021,0.20557941963146117
1145,Azerbaijan,2021,0.4064382716293568
1146,Bangladesh,2021,0.34092523028116145
1147,Belarus,2021,0.0
1148,Belize,2021,
1149,Benin,2021,0.2742101598532455
1150,Bhutan,2021,0.0
1151,"Bilateral, unspecified",2021,0.2659922155556841
1152,Bolivia,2021,0.45107307872987684
1153,Bosnia and Herzegovina,2021,0.298254004947906
1154,Botswana,2021,0.0
1155,Brazil,2021,0.4759445487545943
1156,Burkina Faso,2021,0.35854296037516425
1157,Burundi,2021,0.19196201493480278
1158,C(te d'Ivoire,2021,0.10763836936751967
1159,Cabo Verde,2021,0.0
1160,Cambodia,2021,0.0623027679350313
1161,Cameroon,2021,0.2082707200173147
1162,"Caribbean & Central America, regional",2021,0.36452551926527316
1163,Central African Republic,2021,0.051992070935915013
1164,"Central Asia, regional",2021,0.3530539062225844
1165,Chad,2021,0.40693881515976543
1166,Chile,2021,
1167,China (People's Republic of),2021,0.07904277277039992
1168,Colombia,2021,0.4222165010969794
1169,Congo,2021,0.0
1170,Costa Rica,2021,0.36383014335223696
1171,Cuba,2021,0.3831206623912853
1172,Democratic People's Republic of Korea,2021,0.0
1173,Democratic Republic of the Congo,2021,0.22689079271666168
1174,Djibouti,2021,
1175,Dominican Republic,2021,0.4672844776762663
1176,Ecuador,2021,0.4984356924268124
1177,Egypt,2021,0.33792157406597756
1178,El Salvador,2021,0.2520747741855748
1179,Eritrea,2021,0.4797440318488302
1180,Eswatini,2021,0.29828122965470705
1181,Ethiopia,2021,0.25640129168521747
1182,"Europe, regional",2021,0.41353206715916974
1183,"Far East Asia, regional",2021,0.2745806713803896
1184,Fiji,2021,0.4028003344026292
1185,Gambia,2021,0.0
1186,Georgia,2021,0.06607090933731799
1187,Ghana,2021,0.10620526104788479
1188,Guatemala,2021,0.33622805460981825
1189,Guinea,2021,0.01778765869950293
1190,Guinea-Bissau,2021,0.11749954371235627
1191,Guyana,2021,0.5
1192,Haiti,2021,0.4731596930424724
1193,Honduras,2021,0.29531195955638145
1194,India,2021,0.3806069538630576
1195,Indonesia,2021,0.35130587931653623
1196,Iraq,2021,0.07404776603794247
1197,Jordan,2021,0.23874702684345853
1198,Kazakhstan,2021,
1199,Kenya,2021,0.2830327998981656
1200,Kosovo,2021,0.2644303465722606
1201,Kyrgyzstan,2021,0.06075767957904841
1202,Lao People's Democratic Republic,2021,0.35475476751887
1203,Lebanon,2021,0.01390364864436062
1204,Lesotho,2021,0.1339024800134444
1205,Liberia,2021,0.2567937787241408
1206,Madagascar,2021,0.5080741507692597
1207,Malawi,2021,0.05212365405535848
1208,Malaysia,2021,0.5
1209,Mali,2021,0.36900606970921396
1210,Mauritania,2021,0.2861672389684776
1211,Mexico,2021,0.48169743042914587
1212,Micronesia,2021,
1213,"Middle East, regional",2021,0.01211186838202994
1214,Moldova,2021,0.12530122780405883
1215,Mongolia,2021,0.3466779318133329
1216,Montenegro,2021,0.5761789375760504
1217,Morocco,2021,0.2035090444038965
1218,Mozambique,2021,0.1978619927475207
1219,Myanmar,2021,0.30540423886167267
1220,Namibia,2021,0.4529918709523554
1221,Nepal,2021,0.2772224613725133
1222,Nicaragua,2021,0.42444758352562895
1223,Niger,2021,0.25362960455316763
1224,Nigeria,2021,0.06480853547024355
1225,North Macedonia,2021,0.03258090822752854
1226,"North of Sahara, regional",2021,0.05678029473492691
1227,"Oceania, regional",2021,0.41796324473759217
1228,Pakistan,2021,0.3373978709185707
1229,Panama,2021,1.0
1230,Papua New Guinea,2021,0.1773455722476732
1231,Paraguay,2021,0.2817631129592419
1232,Peru,2021,0.4829568839757405
1233,Philippines,2021,0.3029762632229853
1234,Rwanda,2021,0.09379451538014262
1235,Samoa,2021,
1236,Sao Tome and Principe,2021,
1237,Senegal,2021,0.2510594460008279
1238,Serbia,2021,0.06776444189220307
1239,Sierra Leone,2021,0.09618023299640606
1240,Solomon Islands,2021,0.16078709317343856
1241,Somalia,2021,0.25003212106599754
1242,South Africa,2021,0.2444692045153433
1243,"South America, regional",2021,0.2947543490163948
1244,"South Asia, regional",2021,0.21952052480362694
1245,South Sudan,2021,0.10021646136851405
1246,"South of Sahara, regional",2021,0.42194712537420664
1247,Sri Lanka,2021,0.23667876347760405
1248,Sudan,2021,0.19324389326350852
1249,Syrian Arab Republic,2021,0.04956107957660076
1250,Tajikistan,2021,0.05230454688206961
1251,Tanzania,2021,0.2571746874308347
1252,Thailand,2021,0.14790945861476465
1253,Timor-Leste,2021,0.11398107403714727
1254,Tnrkiye,2021,1.5767727661882098e-05
1255,Togo,2021,0.19575010745241775
1256,Tunisia,2021,0.09541152901138779
1257,Turkmenistan,2021,
1258,Uganda,2021,0.2880195157483063
1259,Ukraine,2021,0.11929545416834798
1260,Uruguay,2021,
1261,Uzbekistan,2021,0.08752423435335595
1262,Vanuatu,2021,
1263,Venezuela,2021,0.006640620737070706
1264,Viet Nam,2021,0.3790660739450767
1265,West Bank and Gaza Strip,2021,0.09181276450527326
1266,Yemen,2021,0.03777946064730477
1267,Zambia,2021,0.38728329678286405
1268,Zimbabwe,2021,0.09301033360999575
1269,Libya,2021,0.07259873788344978
1270,Iran,2021,0.0
1271,Tonga,2021,
1272,"Caribbean, regional",2021,0.6092454773936289
1273,"Central America, regional",2021,0.5002551464521305
1274,"Eastern Africa, regional",2021,0.0797156943340757
1275,"Middle Africa, regional",2021,0.24709939034258904
1276,"Western Africa, regional",2021,0.24581884392498057
1277,"South & Central Asia, regional",2021,0.0
1278,Afghanistan,2022,0.05959743899780776
1279,"Africa, regional",2022,0.22128975535815243
1280,Albania,2022,0.3392414006085352
1281,Algeria,2022,0.4406836548233706
1282,"America, regional",2022,0.4727954891001398
1283,Angola,2022,0.26057720994735734
1284,Argentina,2022,0.15632504286377533
1285,Armenia,2022,0.5545158307826551
1286,"Asia, regional",2022,0.15880611627668098
1287,Azerbaijan,2022,0.2374846140796061
1288,Bangladesh,2022,0.26554474852692567
1289,Belarus,2022,0.0
1290,Belize,2022,
1291,Benin,2022,0.3416776551237566
1292,Bhutan,2022,0.0
1293,"Bilateral, unspecified",2022,0.25961905516969797
1294,Bolivia,2022,0.4965408907867014
1295,Bosnia and Herzegovina,2022,0.26769878848161155
1296,Botswana,2022,0.0
1297,Brazil,2022,0.31961455419103324
1298,Burkina Faso,2022,0.3928600684219678
1299,Burundi,2022,0.08992650502984469
1300,C(te d'Ivoire,2022,0.7628513632333868
1301,Cabo Verde,2022,
1302,Cambodia,2022,0.06690123246385925
1303,Cameroon,2022,0.14772048862521145
1304,"Caribbean & Central America, regional",2022,0.34716289802136485
1305,Central African Republic,2022,0.04986115557043301
1306,"Central Asia, regional",2022,0.2572453501965335
1307,Chad,2022,0.449361971262982
1308,Chile,2022,
1309,China (People's Republic of),2022,0.06297317975710912
1310,Colombia,2022,0.31113560064814666
1311,Congo,2022,0.0
1312,Costa Rica,2022,0.05160704591333864
1313,Cuba,2022,0.4979830948867646
1314,Democratic People's Republic of Korea,2022,0.0
1315,Democratic Republic of the Congo,2022,0.307656160542625
1316,Djibouti,2022,
1317,Dominican Republic,2022,0.32772657827836477
1318,Ecuador,2022,0.36080773597327553
1319,Egypt,2022,0.5009354744694605
1320,El Salvador,2022,0.2782266881655937
1321,Eritrea,2022,0.0
1322,Eswatini,2022,0.0
1323,Ethiopia,2022,0.37168003422567475
1324,"Europe, regional",2022,0.2836328101679751
1325,"Far East Asia, regional",2022,0.3080523275769076
1326,Fiji,2022,0.4721111530722595
1327,Gambia,2022,
1328,Georgia,2022,0.8574354055313782
1329,Ghana,2022,0.3653095591879783
1330,Guatemala,2022,0.37847039663955384
1331,Guinea,2022,0.02753355341447322
1332,Guinea-Bissau,2022,0.19884028384812932
1333,Guyana,2022,0.5
1334,Haiti,2022,0.4197294813774661
1335,Honduras,2022,0.3192432137594831
1336,India,2022,0.5280278563550636
1337,Indonesia,2022,0.37399106345001193
1338,Iraq,2022,0.08354388235158855
1339,Jordan,2022,0.23454480745249442
1340,Kazakhstan,2022,
1341,Kenya,2022,0.294181774831698
1342,Kosovo,2022,0.2804710730408199
1343,Kyrgyzstan,2022,0.028024384770006416
1344,Lao People's Democratic Republic,2022,0.33020444038888624
1345,Lebanon,2022,0.01654407892649721
1346,Lesotho,2022,0.16251943011019945
1347,Liberia,2022,0.22967309269923916
1348,Madagascar,2022,0.49450807295377464
1349,Malawi,2022,0.02599088057987094
1350,Malaysia,2022,0.5
1351,Mali,2022,0.32997139026449096
1352,Mauritania,2022,0.28562564774223326
1353,Mexico,2022,0.5155374313166012
1354,Micronesia,2022,
1355,"Middle East, regional",2022,0.030474832261805116
1356,Moldova,2022,0.029625277718700205
1357,Mongolia,2022,0.2730158669502749
1358,Montenegro,2022,0.0
1359,Morocco,2022,0.27821409093461824
1360,Mozambique,2022,0.22872342772900242
1361,Myanmar,2022,0.15925127024152885
1362,Namibia,2022,0.5024142798780513
1363,Nepal,2022,0.2636630050974529
1364,Nicaragua,2022,0.45234241281075105
1365,Niger,2022,0.3354889312831929
1366,Nigeria,2022,0.09155113966816457
1367,North Macedonia,2022,0.0
1368,"North of Sahara, regional",2022,0.05393082715994334
1369,"Oceania, regional",2022,0.39294606227665574
1370,Pakistan,2022,0.38559380994772696
1371,Panama,2022,1.0
1372,Papua New Guinea,2022,0.17920246488723376
1373,Paraguay,2022,0.3108281280998443
1374,Peru,2022,0.6989143159666329
1375,Philippines,2022,0.30086167035501893
1376,Rwanda,2022,0.07786291009869153
1377,Samoa,2022,
1378,Sao Tome and Principe,2022,
1379,Senegal,2022,0.17955271320789137
1380,Serbia,2022,0.14423799483256972
1381,Sierra Leone,2022,0.08985802362737168
1382,Solomon Islands,2022,0.19604927240234873
1383,Somalia,2022,0.1815829053193551
1384,South Africa,2022,0.16618646149109362
1385,"South America, regional",2022,0.18666612511338773
1386,"South Asia, regional",2022,0.32084987410330307
1387,South Sudan,2022,0.3056398756805956
1388,"South of Sahara, regional",2022,0.4649459410750402
1389,Sri Lanka,2022,0.1678347216880795
1390,Sudan,2022,0.24121772228680186
1391,Syrian Arab Republic,2022,0.07062396322436715
1392,Tajikistan,2022,0.035420777033615736
1393,Tanzania,2022,0.2967634549943256
1394,Thailand,2022,0.15955890932080827
1395,Timor-Leste,2022,0.12662377580811718
1396,Tnrkiye,2022,0.0012078463258562166
1397,Togo,2022,0.3028962936300567
1398,Tunisia,2022,0.125170430738772
1399,Turkmenistan,2022,
1400,Uganda,2022,0.3540570781397926
1401,Ukraine,2022,0.018858826246386635
1402,Uruguay,2022,
1403,Uzbekistan,2022,0.08632225469433603
1404,Vanuatu,2022,
1405,Venezuela,2022,0.0
1406,Viet Nam,2022,0.5084744515276947
1407,West Bank and Gaza Strip,2022,0.1157299852843651
1408,Yemen,2022,0.02071873569211375
1409,Zambia,2022,0.21359007914422395
1410,Zimbabwe,2022,0.08836771928186259
1411,Libya,2022,0.046739683095565046
1412,Iran,2022,0.0
1413,Tonga,2022,
1414,"Caribbean, regional",2022,0.5287847499221238
1415,"Central America, regional",2022,0.46955849770483093
1416,"Eastern Africa, regional",2022,0.10320138329170638
1417,"Middle Africa, regional",2022,0.21494717197911684
1418,"Western Africa, regional",2022,0.32434763262621424
1419,"South & Central Asia, regional",2022,0.17317217412829242
