Sector,amount_2013,clim_rel_amount_2013,clim_adapt_amount_2013,clim_miti_amount_2013,non_miti_adapt_2013,non_clim_2013,amount_2014,clim_rel_amount_2014,clim_adapt_amount_2014,clim_miti_amount_2014,non_miti_adapt_2014,non_clim_2014,amount_2015,clim_rel_amount_2015,clim_adapt_amount_2015,clim_miti_amount_2015,non_miti_adapt_2015,non_clim_2015,amount_2016,clim_rel_amount_2016,clim_adapt_amount_2016,clim_miti_amount_2016,non_miti_adapt_2016,non_clim_2016,amount_2017,clim_rel_amount_2017,clim_adapt_amount_2017,clim_miti_amount_2017,non_miti_adapt_2017,non_clim_2017,amount_2018,clim_rel_amount_2018,clim_adapt_amount_2018,clim_miti_amount_2018,non_miti_adapt_2018,non_clim_2018,amount_2019,clim_rel_amount_2019,clim_adapt_amount_2019,clim_miti_amount_2019,non_miti_adapt_2019,non_clim_2019,amount_2020,clim_rel_amount_2020,clim_adapt_amount_2020,clim_miti_amount_2020,non_miti_adapt_2020,non_clim_2020,amount_2021,clim_rel_amount_2021,clim_adapt_amount_2021,clim_miti_amount_2021,non_miti_adapt_2021,non_clim_2021,amount_2022,clim_rel_amount_2022,clim_adapt_amount_2022,clim_miti_amount_2022,non_miti_adapt_2022,non_clim_2022
"I.1.a. Education, Level Unspecified",87245749.0,6281511.999999999,3838428.0,2443084.0,80964237.0,80964237.0,73771448.0,5642177.0,4251977.5,1390199.5,68129271.0,68129271.0,83159233.0,3442263.0,2514017.5,928245.5,79716970.0,79716970.0,86800258.0,5211660.999999999,2761494.5,2450166.5,81588597.0,81588597.0,92559681.0,1765870.5,538691.0,1227179.5,90793810.49999999,90793810.49999999,136474993.0,11051233.000000002,10052934.0,998299.0,125423760.00000001,125423760.00000001,150119022.0,11199315.0,7530569.5,3668745.5,138919707.0,138919707.0,226390311.0,7534233.5,5997151.5,1537082.0,218856077.5,218856077.5,252428270.0,1536676.5,870306.0,666370.5,250891593.5,250891593.5,265014797.99999997,2829080.0000000005,1364922.0,1464157.9999999998,262185718.0,262185718.0
I.1.b. Basic Education,153930790.0,185663.5,139590.5,46073.0,153745126.5,153745126.5,169047826.0,158667.0,112319.49999999999,46347.5,168889158.99999997,168889158.99999997,247260621.0,160440.0,152463.5,7976.499999999999,247100181.0,247100181.0,239081905.0,1334214.5,1193898.5000000002,140316.0,237747690.5,237747690.5,163615478.0,365663.0,157871.0,207792.0,163249814.99999997,163249814.99999997,181657973.0,213035.0,144025.0,69009.99999999999,181444938.0,181444938.0,276331320.0,498882.5,360199.5,138683.0,275832437.5,275832437.5,392548038.0,260622.49999999997,146945.0,113677.5,392287415.5,392287415.5,270355294.0,561628.9999999999,380428.0,181201.0,269793665.00000006,269793665.00000006,237274430.0,830313.5,566782.0,263531.5,236444116.5,236444116.5
I.1.c. Secondary Education,110570602.0,4461417.5,3382913.0000000005,1078504.5,106109184.5,106109184.5,123680119.0,5417927.499999999,3629494.5,1788433.0,118262191.5,118262191.5,163751111.0,8053891.499999999,5057081.5,2996810.0,155697219.50000003,155697219.50000003,202396396.0,3776803.0,1578438.0,2198365.0,198619593.0,198619593.0,223352113.0,4679552.5,2142852.0,2536700.5000000005,218672560.5,218672560.5,250950674.0,4491269.500000001,3246801.0,1244468.5,246459404.5,246459404.5,289645386.0,8242171.000000001,4761793.0,3480378.0,281403215.0,281403215.0,275831187.0,8456473.5,4625671.5,3830802.0,267374713.49999997,267374713.49999997,338886399.0,25023300.5,18651157.0,6372143.5,313863098.5,313863098.5,336204882.0,24097309.0,17452875.5,6644433.5,312107573.0,312107573.0
I.1.d. Post-Secondary Education,104939416.0,10369314.5,3066040.0,7303274.5,94570101.5,94570101.5,91545807.0,3192433.0,2932055.4999999995,260377.49999999997,88353374.0,88353374.0,94759451.0,7356929.0,3716258.5,3640670.4999999995,87402522.0,87402522.0,100578689.0,7057220.500000001,3284629.0000000005,3772591.5,93521468.5,93521468.5,103391182.0,8768037.0,4696814.0,4071223.0,94623145.0,94623145.0,98107775.0,9659855.5,5890300.5,3769555.0000000005,88447919.5,88447919.5,89302996.0,8737995.999999998,5052006.5,3685989.5,80565000.00000001,80565000.00000001,101871845.0,6801880.0,3481878.0,3320002.0,95069965.0,95069965.0,100411047.0,4537378.0,2036140.5000000002,2501237.5,95873668.99999999,95873668.99999999,107771939.0,5137190.5,1959193.5,3177997.0,102634748.5,102634748.5
"I.2.a. Health, General",95765407.0,24583.5,0.0,24583.5,95740823.49999999,95740823.49999999,86811675.99999999,3661154.0,3661154.0,0.0,83150522.0,83150522.0,89366936.0,4462790.999999999,4461272.5,1518.5,84904145.0,84904145.0,87638400.0,3809542.9999999995,3809542.9999999995,0.0,83828857.0,83828857.0,98101880.99999999,2379202.5,2379202.5,0.0,95722678.49999999,95722678.49999999,110607243.0,475169.5,475169.5,0.0,110132073.49999999,110132073.49999999,129421547.0,6416642.5,558330.5,5858312.0,123004904.50000001,123004904.50000001,174007970.0,16398422.0,731240.5,15667181.500000002,157609548.0,157609548.0,166209784.0,1498763.5,843957.0,654806.5,164711020.50000003,164711020.50000003,174278158.0,641030.5000000001,493282.0,147748.5,173637127.5,173637127.5
I.2.b. Basic Health,158133749.0,792894.5,214569.99999999997,578324.5,157340854.5,157340854.5,173291741.0,252809.99999999997,192620.0,60189.99999999999,173038931.0,173038931.0,149021692.0,730107.5,698866.5,31241.0,148291584.5,148291584.5,186325695.0,1984901.4999999998,1984901.4999999998,0.0,184340793.5,184340793.5,251097178.0,2819137.5,2753220.5,65917.0,248278040.49999997,248278040.49999997,295861576.0,3016750.0,2671789.5,344960.5,292844826.0,292844826.0,316922164.0,3125176.5000000005,2698021.0,427155.5,313796987.5,313796987.5,511053424.0,9625515.5,9119493.5,506022.0,501427908.5,501427908.5,458272545.0,8225206.0,5559027.5,2666178.5,450047338.99999994,450047338.99999994,1199102079.0,22426779.500000004,19360655.0,3066124.5,1176675299.5,1176675299.5
I.3. Population Policies/Programmes & Reproductive Health,154994846.0,1018042.5,10408.5,1007633.9999999999,153976803.5,153976803.5,160573929.0,1003464.5,163170.5,840294.0,159570464.5,159570464.5,159666195.0,0.0,0.0,0.0,159666195.0,159666195.0,195485322.0,0.0,0.0,0.0,195485322.0,195485322.0,162382796.0,130953.00000000001,130953.00000000001,0.0,162251843.0,162251843.0,151233217.0,1132806.5,1132806.5,0.0,150100410.5,150100410.5,140140758.0,1445219.0,1445219.0,0.0,138695539.0,138695539.0,158732896.0,2483519.0000000005,2483519.0000000005,0.0,156249377.0,156249377.0,172118568.0,2332346.0000000005,2332346.0000000005,0.0,169786222.0,169786222.0,179901281.0,3351427.0,3351427.0,0.0,176549854.0,176549854.0
I.4. Water Supply & Sanitation,340989113.0,102046666.0,75801628.5,26245037.5,238942446.99999997,238942446.99999997,349651904.0,115889128.0,88690010.0,27199118.0,233762776.0,233762776.0,342565770.0,113867841.5,90159431.5,23708410.0,228697928.5,228697928.5,418833837.0,150108114.0,110777723.0,39330391.0,268725723.0,268725723.0,439533061.0,173489369.0,135368782.5,38120586.5,266043691.99999997,266043691.99999997,468769446.0,200448230.0,155478497.0,44969733.0,268321216.00000006,268321216.00000006,440633893.0,202833940.49999997,160774435.0,42059505.5,237799952.5,237799952.50000003,466670394.0,190186227.0,155506496.5,34679730.5,276484166.99999994,276484166.99999994,490291625.0,200704609.0,154849054.5,45855554.5,289587016.0,289587016.0,479942386.0,190660330.5,141068684.0,49591646.5,289282055.5,289282055.5
I.5.a. Government & Civil Society-general,791300249.0,56859578.0,31586324.0,25273254.0,734440671.0000001,734440671.0000001,887065155.0,27507943.0,15276164.999999998,12231778.0,859557212.0,859557212.0,801639790.0,28361544.0,16367221.0,11994323.0,773278246.0,773278246.0,1024217930.0,36227988.0,25435635.5,10792352.5,987989942.0,987989942.0,964725825.0,43342284.0,26198138.5,17144145.5,921383541.0,921383541.0,1056656674.0000001,50659897.0,31999484.0,18660413.0,1005996777.0000001,1005996777.0000001,1125044468.0,56191150.0,35556468.0,20634682.0,1068853318.0,1068853318.0,1140883682.0,88402548.5,44912344.0,43490204.5,1052481133.5,1052481133.5,1388025588.0,146060945.0,69077470.0,76983475.0,1241964643.0,1241964643.0,1145696631.0,111030814.0,57492710.0,53538104.0,1034665817.0000001,1034665817.0000001
"I.5.b. Conflict, Peace & Security",132299555.0,465190.0,341959.5,123230.5,131834364.99999999,131834364.99999999,142017188.0,390372.5,239274.5,151098.0,141626815.5,141626815.5,155547184.0,173024.5,158400.5,14624.0,155374159.5,155374159.5,177827718.0,150417.49999999997,108434.5,41983.0,177677300.5,177677300.5,225322447.0,2239875.5,2197111.9999999995,42763.5,223082571.5,223082571.5,294585501.99999994,3745661.0,3548782.5,196878.5,290839841.0,290839841.0,244152893.0,11308853.5,8814608.5,2494245.0000000005,232844039.5,232844039.5,325751884.0,16244899.0,9661426.500000002,6583472.5,309506985.00000006,309506985.00000006,396513655.0,29509641.0,25567887.999999996,3941753.0000000005,367004014.0,367004014.0,369056762.0,26374849.5,21798282.999999996,4576566.5,342681912.5,342681912.5
I.6. Other Social Infrastructure & Services,87458268.0,1510633.0,1256875.5,253757.49999999997,85947635.0,85947635.0,93716503.0,6637282.5,5904849.5,732433.0,87079220.5,87079220.5,96456718.0,9633840.0,1067667.5,8566172.5,86822877.99999999,86822878.0,118172602.0,10877855.5,989669.5,9888186.0,107294746.5,107294746.5,162120574.0,9282721.5,1366645.0,7916076.5,152837852.5,152837852.5,235179781.0,33329079.0,21286545.0,12042534.0,201850701.99999997,201850701.99999997,504483565.0,51998453.0,38518361.0,13480092.0,452485112.0,452485112.0,884176427.0,146845895.0,133194456.0,13651439.0,737330532.0,737330532.0,861905528.0,100989853.0,66361853.49999999,34627999.5,760915675.0,760915675.0,1206424242.0,194255176.0,159491656.0,34763520.0,1012169066.0,1012169066.0
II.1. Transport & Storage,51541005.0,13542288.5,9637271.5,3905017.0,37998716.5,37998716.5,48951315.0,13546555.0,9673708.0,3872847.0,35404760.0,35404760.0,64747675.0,17262020.5,11975225.0,5286795.5,47485654.5,47485654.5,57021899.0,15878727.0,10984533.5,4894193.5,41143172.0,41143172.0,52262630.0,23111908.0,14053490.0,9058418.0,29150722.0,29150722.0,66919255.00000001,34990504.5,18059873.5,16930631.0,31928750.500000007,31928750.500000007,49779747.0,23890497.5,9683657.5,14206840.0,25889249.5,25889249.5,68598259.0,28909347.0,9451333.5,19458013.5,39688912.0,39688912.0,68635853.0,31850809.5,8020051.500000001,23830758.0,36785043.5,36785043.5,47373099.0,34083233.5,4065511.0,30017722.499999996,13289865.499999998,13289865.499999998
II.2. Communications,4195314.0,0.0,0.0,0.0,4195314.0,4195314.0,3124732.0,0.0,0.0,0.0,3124732.0,3124732.0,2144173.0,2925.0,1462.5,1462.5,2141248.0,2141248.0,2485459.0,158749.0,79374.5,79374.5,2326710.0000000005,2326710.0000000005,5409180.0,122270.0,61135.0,61135.0,5286910.0,5286910.0,8778806.0,0.0,0.0,0.0,8778806.0,8778806.0,13066496.999999998,0.0,0.0,0.0,13066496.999999998,13066496.999999998,23479852.0,0.0,0.0,0.0,23479852.0,23479852.0,56454291.99999999,0.0,0.0,0.0,56454291.99999999,56454291.99999999,65428028.0,0.0,0.0,0.0,65428028.0,65428028.0
II.3.a. Energy Policy,56480637.0,40238021.5,1819371.5,38418650.0,16242615.5,16242615.5,55282512.0,40238241.0,742954.0,39495287.00000001,15044270.999999994,15044270.999999994,49497105.0,37480214.5,26256.0,37453958.5,12016890.500000002,12016890.499999994,50789064.0,41640485.0,717181.5,40923303.5,9148578.999999998,9148579.000000006,67503927.0,56093990.0,758931.9999999999,55335058.0,11409937.0,11409937.000000006,76050387.0,69462807.0,1872757.5,67590049.5,6587579.999999989,6587580.000000003,195203482.0,170969353.99999997,2384518.5,168584835.5,24234128.0,24234128.000000026,81104087.0,62358836.0,1862250.0,60496586.0,18745251.000000004,18745251.00000001,89331366.0,78018644.0,2118728.0,76079891.0,11132746.999999994,11312722.000000007,154189699.0,150934563.0,2765583.5,148434682.5,2989432.999999991,3255135.999999993
"II.3.b. Energy generation, renewable sources",126315398.0,113335244.5,7041204.0,106294040.5,12980153.500000015,12980153.5,139470585.0,119192982.0,8054128.0,111138854.00000001,20277602.999999985,20277603.0,108942136.0,101836219.0,6957927.499999999,94878291.5,7105917.000000006,7105917.000000006,159022667.0,151897807.0,2469776.5,149428030.5,7124860.000000012,7124860.000000012,171403238.99999997,162417904.5,1901429.0,160516475.5,8985334.499999965,8985334.499999993,181692570.00000003,174623070.0,5798268.0,168824802.0,7069500.000000005,7069500.000000005,250435538.0,239404858.0,2049600.5,237355257.5,11030680.000000019,11030680.000000019,348450996.00000006,256106831.0,1774560.5,254332270.5,92344165.00000003,92344165.00000003,313986037.0,298927893.5,4360376.000000001,294567517.5,15058143.500000028,15058143.500000028,428966252.0,425093091.5,2034140.5,423058951.0,3873160.50000004,3873160.4999999832
"II.3.c. Energy generation, non-renewable sources",8449438.0,8067715.5,0.0,8067715.5,381722.5000000004,381722.5000000004,2092299.0000000002,946638.0,0.0,946638.0,1145661.0,1145661.0,3047765.9999999995,1705995.0000000002,0.0,1705995.0000000002,1341770.9999999995,1341770.9999999995,1949085.0,1590916.0,0.0,1590916.0,358168.99999999994,358168.99999999994,629289.0,599562.0,0.0,599562.0,29726.99999999995,29726.99999999995,7661885.0,7661885.0,0.0,7661885.0,0.0,0.0,2732794.0,2732794.0,0.0,2732794.0,0.0,0.0,758418.0,758418.0,0.0,758418.0,0.0,0.0,1105688.0,1105688.0,0.0,1105688.0,0.0,0.0,4350797.0,0.0,0.0,0.0,4350797.0,4350797.0
II.3.f. Energy distribution,66595444.0,38826143.0,0.0,38826143.0,27769301.0,27769301.0,70073065.0,40590340.0,0.0,40590340.0,29482725.000000004,29482725.000000004,66109539.0,38711528.0,4344023.500000001,34367504.5,27398010.999999996,27398010.999999996,47732189.0,26326105.0,1051894.0,25274211.0,21406083.999999996,21406084.0,111989914.0,59988763.5,3217619.0000000005,56771144.5,52001150.5,52001150.5,60523746.0,29236515.5,324003.5,28912512.0,31287230.500000004,31287230.500000004,83363314.0,57797410.0,17023259.0,40774150.99999999,25565904.000000004,25565904.000000004,77886260.0,56509502.5,10202090.5,46307412.0,21376757.499999996,21376757.49999999,121185138.00000001,93139366.50000001,11956202.0,81183164.5,28045771.5,28045771.5,60995089.0,52022669.5,10630288.499999998,41392381.0,8972419.5,8972419.5
II.4. Banking & Financial Services,233579991.0,42202586.5,690925.5,41511661.0,191377404.5,191377404.5,336885809.0,101030311.0,70706143.50000001,30324167.499999996,235855497.99999997,235855498.0,251135067.0,87296810.49999999,85706206.99999999,1590603.5,163838256.5,163838256.5,201737571.0,39203334.5,17610603.5,21592731.0,162534236.50000003,162534236.50000003,349385356.0,70239332.0,17080271.0,53159061.0,279146024.0,279146024.0,349276158.0,70991431.5,7977326.499999999,63014105.0,278284726.50000006,278284726.50000006,256385532.0,85104998.50000001,20228961.5,64876037.0,171280533.50000003,171280533.5,653833101.0,93277170.5,38516750.0,54760420.5,560555930.4999999,560555930.4999999,698697126.0,140760242.0,53952281.0,86807960.99999999,557936884.0,557936884.0,350263712.0,196245702.5,106360190.5,89885512.0,154018009.5,154018009.5
II.5. Business & Other Services,219026229.0,8453474.5,2474243.0,5979231.5,210572754.5,210572754.5,196856040.0,19405243.5,9778838.0,9626405.5,177450796.5,177450796.5,237867211.0,28194092.0,14889837.0,13304255.0,209673119.0,209673119.0,290202789.0,27692966.0,18351093.0,9341873.0,262509822.99999997,262509822.99999997,308494445.0,28891265.5,17421974.5,11469290.999999998,279603179.5,279603179.5,328437148.0,28430328.0,19482513.5,8947814.5,300006820.0,300006820.0,395378787.0,24997232.0,18846916.5,6150315.5,370381555.0,370381555.0,460246733.0,22990872.5,16756393.0,6234479.5,437255860.5,437255860.5,472504667.0,25365393.0,10834045.5,14531347.499999998,447139274.0,447139274.0,390354321.0,20784399.0,6136532.0,14647867.0,369569922.0,369569922.0
III.1.a. Agriculture,217667968.0,114186722.0,90764498.5,23422223.5,103481246.0,103481246.0,286655821.0,148558349.5,121313808.0,27244541.5,138097471.5,138097471.5,316622347.0,167651619.0,143514222.0,24137397.0,148970728.0,148970727.99999997,417399385.0,224898639.5,186370638.5,38528001.0,192500745.5,192500745.5,421584259.0,223984179.49999997,180993255.5,42990924.0,197600079.49999997,197600079.5,534432409.0,293706901.5,245390423.5,48316478.0,240725507.5,240725507.5,569198468.0,324556200.5,262369385.00000003,62186815.5,244642267.5,244642267.50000006,909215857.0,494087117.00000006,424023422.5,70063694.5,415128740.00000006,415128740.0,630702769.0,352743404.5,290342487.0,62400917.5,277959364.5,277959364.5,1065854450.9999999,641022002.0,488403526.5,152618475.5,424832449.0,424832448.9999999
III.1.b. Forestry,55499816.0,48708099.0,18554948.5,30153150.5,6791717.000000006,6791717.000000006,54720634.0,48824824.0,15322452.0,33502372.0,5895809.999999997,5895809.999999997,59041206.0,52636961.5,17353685.0,35283276.5,6404244.500000005,6404244.500000005,56333161.00000001,48288090.0,16060134.000000002,32227956.0,8045071.000000007,8045071.000000007,65055497.0,55381020.0,18899226.5,36481793.5,9674476.999999996,9674477.000000004,65089903.00000001,58604484.5,23789025.5,34815459.0,6485418.500000008,6485418.500000008,63594927.0,56277508.5,21534627.5,34742881.00000001,7317418.499999995,7317418.499999995,197946845.0,190560894.50000003,51969565.5,138591329.0,7385950.499999979,7385950.499999979,244814378.0,237609774.00000003,60567629.5,177042144.5,7204603.999999989,7204603.999999989,230875591.0,222550830.0,64111250.0,158439579.99999997,8324761.000000023,8324760.999999995
III.1.c. Fishing,3345430.0,1003533.0,443830.5,559702.5,2341897.0,2341897.0,3913150.0,823118.0,434450.0,388668.0,3090032.0,3090032.0,2318079.0,1032036.5,852194.0,179842.50000000003,1286042.5,1286042.5,4088469.0,966724.5,801087.5,165637.0,3121744.5,3121744.5,10204781.0,2798690.5,2798690.5,0.0,7406090.5,7406090.5,15338463.0,6100203.000000001,6100203.000000001,0.0,9238260.0,9238260.0,27367502.0,8903285.0,8903285.0,0.0,18464217.0,18464217.0,25661220.0,11143214.5,11135590.0,7624.5,14518005.5,14518005.5,26688627.0,12110329.499999998,11744475.0,365854.5,14578297.500000002,14578297.500000002,26890918.0,11242145.0,11155855.0,86290.0,15648772.999999998,15648772.999999998
III.2.a. Industry,26041602.0,27588.5,27588.5,0.0,26014013.5,26014013.5,18876797.0,289503.0,30418.499999999996,259084.5,18587294.0,18587294.0,15022879.0,3120460.5,1128558.0,1991902.5,11902418.5,11902418.5,16981484.0,6252333.999999999,2335915.5,3916418.5,10729150.000000002,10729150.000000002,27305273.0,8049806.499999999,2243731.5,5806075.0,19255466.5,19255466.5,28367868.0,8432441.5,2109909.0,6322532.5,19935426.500000004,19935426.500000004,280375006.0,4255629.5,1039684.5000000001,3215945.0,276119376.5,276119376.5,297597124.0,4393749.5,1198521.4999999998,3195227.9999999995,293203374.5,293203374.5,311237173.0,36833613.5,27025399.0,9808214.5,274403559.5,274403559.5,424978696.0,196498635.49999997,26922328.0,169576307.49999997,228480060.50000003,228480060.50000003
III.2.b. Mineral Resources & Mining,12314603.0,166380.0,0.0,166380.0,12148223.0,12148223.0,15884815.0,259915.0,0.0,259915.0,15624900.0,15624900.0,6532350.0,22600.0,0.0,22600.0,6509750.0,6509750.0,16598471.0,271776.0,0.0,271776.0,16326695.0,16326695.0,19151903.0,266753.0,0.0,266753.0,18885150.0,18885150.0,17837263.0,1383114.0000000002,0.0,1383114.0000000002,16454149.000000002,16454149.000000002,21757448.0,3292783.0,872114.5,2420668.4999999995,18464665.0,18464665.0,21460704.0,1564341.0,718221.5,846119.5,19896363.0,19896363.0,20973879.0,2171981.5,801839.0,1370142.5,18801897.5,18801897.5,19856553.0,1832112.0,605942.4999999999,1226169.5000000002,18024441.000000004,18024441.000000004
III.2.c. Construction,817830.0,0.0,0.0,0.0,817830.0,817830.0,280799.0,0.0,0.0,0.0,280799.0,280799.0,,,,,,,,,,,,,,,,,,,,,,,,,,,,,,,243747.0,0.0,0.0,0.0,243747.0,243747.0,185430.0,0.0,0.0,0.0,185430.0,185430.0,814863.0,300180.0,139859.5,160320.5,514683.0,514683.0
III.3.a. Trade Policies & Regulations,32952859.000000004,1967343.5000000002,994889.5,972454.0,30985515.500000004,30985515.500000004,40833262.0,830806.5,720022.5,110784.0,40002455.5,40002455.5,42597882.0,1282362.5,373465.5,908897.0000000001,41315519.5,41315519.5,52859909.0,3284743.5,3284743.5,0.0,49575165.50000001,49575165.50000001,61340182.99999999,3536158.5,3391977.0,144181.5,57804024.5,57804024.5,67424327.0,2747403.0000000005,2559107.0,188296.0,64676924.0,64676924.0,65449487.00000001,1365261.5,1119301.0,245960.5,64084225.5,64084225.5,55926751.0,401491.99999999994,401491.99999999994,0.0,55525259.00000001,55525259.00000001,68815737.0,655330.5,491286.5,164044.00000000003,68160406.5,68160406.5,80092880.0,2398708.5,1440865.0,957843.5,77694171.5,77694171.5
III.3.b. Tourism,3618893.0,57246.0,0.0,57246.0,3561647.0,3561647.0,2624932.0000000005,401376.0,0.0,401376.0,2223556.0000000005,2223556.0000000005,802570.0,401285.0,0.0,401285.0,401285.0,401285.0,242517.0,208363.0,0.0,208363.0,34154.000000000015,34154.000000000015,96340.0,94702.5,0.0,94702.5,1637.5,1637.5,89803.00000000001,89562.0,0.0,89562.0,241.0000000000051,241.0000000000051,315645.0,48407.0,13650.5,34756.49999999999,267238.00000000006,267238.00000000006,1018974.0,79921.49999999999,33573.0,46348.5,939052.5000000001,939052.5000000001,3316996.0,1188211.0000000002,985546.0,202664.99999999997,2128785.0,2128784.9999999995,5683969.0,1773644.0,1616879.5,156764.5,3910325.0000000005,3910325.0000000005
IV.1. General Environment Protection,305865359.0,252975515.5,96418414.5,156557101.0,52889843.50000004,52889843.500000015,418243902.0,354866535.0,137930546.0,216935989.0,63377366.99999999,63377366.99999999,346285796.0,285403453.5,131389152.0,154014301.50000003,60882342.49999999,60882342.49999999,622374690.0,574273079.5,275933600.0,298339479.5,48101610.49999999,48101610.49999999,569979770.0,519713702.50000006,226762828.5,292950874.0,50266067.500000075,50266067.49999996,584974941.0,510068569.0,252319035.0,257749533.99999997,74906372.00000003,74906372.00000003,583866218.0,519195391.5,244765899.5,274429492.0,64670826.50000009,64670826.49999998,535065279.00000006,481097103.5,259070111.0,222026992.5,53968175.50000003,53968175.50000003,714695976.0,610760733.5,305884775.0,304875958.5,103935242.49999996,103935242.49999996,496834823.99999994,402039564.5,209408906.0,192630658.5,94795259.49999999,94795259.49999999
IV.2. Other Multisector,587749666.0,95604043.0,57206913.0,38397130.0,492145623.00000006,492145623.00000006,583978189.0,88944423.0,55869991.5,33074431.500000004,495033766.0,495033766.0,609297355.0,103143941.0,73939252.0,29204689.000000004,506153414.00000006,506153414.00000006,680371765.0,138923737.0,102649186.0,36274551.0,541448028.0,541448028.0,683077087.0,132535311.5,100924737.5,31610574.0,550541775.5,550541775.5,806053700.0,179970979.0,130687904.5,49283074.5,626082721.0,626082721.0,947167737.0,314666552.5,264501575.0,50164977.5,632501184.4999999,632501184.4999999,1038362726.0000001,228004505.5,180512719.5,47491786.0,810358220.5,810358220.5,1091512162.0,384857333.0,321713799.5,63143533.5,706654829.0000001,706654829.0000001,1158109774.0,256751282.0,205636722.0,51114560.0,901358492.0000001,901358492.0000001
IX. Unallocated / Unspecified,84971648.0,1151959.0,575979.5,575979.5,83819689.0,83819689.0,98560141.0,2950666.0,1475333.0,1475333.0,95609475.0,95609475.0,107840276.0,0.0,0.0,0.0,107840276.0,107840276.0,135702043.0,0.0,0.0,0.0,135702043.0,135702043.0,156201092.0,0.0,0.0,0.0,156201092.0,156201092.0,171994253.0,0.0,0.0,0.0,171994253.0,171994253.0,186293455.0,0.0,0.0,0.0,186293455.0,186293455.0,162697714.00000003,0.0,0.0,0.0,162697714.00000003,162697714.00000003,162020378.0,0.0,0.0,0.0,162020378.0,162020378.0,144641490.0,0.0,0.0,0.0,144641490.0,144641490.0
VI.1. General Budget Support,38153694.0,4138278.5,4138278.5,0.0,34015415.5,34015415.5,39508887.0,0.0,0.0,0.0,39508887.0,39508887.0,14160075.0,0.0,0.0,0.0,14160075.0,14160075.0,3402308.0,0.0,0.0,0.0,3402308.0,3402308.0,2463935.0,0.0,0.0,0.0,2463935.0,2463935.0,1230470.9999999998,0.0,0.0,0.0,1230470.9999999998,1230470.9999999998,,,,,,,,,,,,,10062.0,0.0,0.0,0.0,10062.0,10062.0,,,,,,
VI.2. Development Food Assistance,55682635.0,6183623.499999999,5976709.5,206914.0,49499011.49999999,49499011.49999999,104820568.99999999,8563239.0,8157004.499999999,406234.49999999994,96257330.0,96257330.0,155272045.0,12937554.500000002,11706184.0,1231370.5,142334490.5,142334490.5,437355382.99999994,81391058.5,51355093.5,30035965.0,355964324.5,355964324.5,264583441.0,54613904.5,47063508.0,7550396.5,209969536.5,209969536.5,300809916.0,69921877.50000001,64278795.0,5643082.5,230888038.5,230888038.5,331532664.0,83896904.5,78960020.5,4936884.0,247635759.5,247635759.5,397865243.0,113014152.5,113014152.5,0.0,284851090.50000006,284851090.50000006,411028092.0,128783417.00000001,125631018.0,3152399.0,282244675.0,282244675.0,466497989.0,124343178.99999999,123735541.0,607638.0,342154810.0,342154810.0
VII. Action Relating to Debt,549473939.0000001,0.0,0.0,0.0,549473939.0000001,549473939.0000001,1080558919.0,0.0,0.0,0.0,1080558919.0,1080558919.0,95486746.0,0.0,0.0,0.0,95486746.0,95486746.0,46872496.0,0.0,0.0,0.0,46872496.0,46872496.0,119614020.00000001,0.0,0.0,0.0,119614020.00000001,119614020.00000001,27279812.999999996,0.0,0.0,0.0,27279812.999999996,27279812.999999996,43725502.0,0.0,0.0,0.0,43725502.0,43725502.0,20361676.000000004,0.0,0.0,0.0,20361676.000000004,20361676.000000004,14147029.0,0.0,0.0,0.0,14147029.0,14147029.0,,,,,,
VIII.1. Emergency Response,92040798.00000001,2503770.5,2210464.0,293306.5,89537027.50000001,89537027.50000001,230063528.00000003,4840238.5,4427625.5,412613.0,225223289.50000003,225223289.50000003,80254227.0,1665871.5000000002,1665871.5000000002,0.0,78588355.5,78588355.5,91461057.0,1991435.0,1991435.0,0.0,89469622.0,89469622.0,170614380.0,7677322.0,7677322.0,0.0,162937058.0,162937058.0,190691502.0,11344632.0,11344632.0,0.0,179346870.00000003,179346870.00000003,116040880.0,10583.5,10583.5,0.0,116030296.5,116030296.5,21389054.0,0.0,0.0,0.0,21389054.0,21389054.0,6078023.0,195542.0,195542.0,0.0,5882481.0,5882481.0,20348848.0,7832136.0,0.0,7832136.0,12516712.0,12516712.0
VIII.2. Reconstruction Relief & Rehabilitation,40832671.0,4367000.0,2733083.0,1633916.9999999998,36465671.0,36465671.0,100558166.0,4279336.0,3816842.0,462494.0,96278830.0,96278830.0,249473977.0,7480315.5,5934793.0,1545522.5000000002,241993661.5,241993661.5,619056449.0,26684269.5,22936799.0,3747470.4999999995,592372179.5,592372179.5,637269392.0,26003661.5,21900236.0,4103425.499999999,611265730.5,611265730.5,821854059.0,18971111.5,12576397.5,6394714.0,802882947.5,802882947.5,425435793.0,18471908.5,14283439.0,4188469.5,406963884.5,406963884.5,213720274.0,17250028.500000004,12290203.0,4959825.5,196470245.49999997,196470245.49999997,138518904.0,10266329.5,9556774.5,709555.0,128252574.49999999,128252574.49999999,70098900.0,3565052.0,3005562.5,559489.5,66533848.00000001,66533848.00000001
VIII.3. Disaster Prevention & Preparedness,24944316.999999996,10393680.5,9433338.0,960342.5,14550636.5,14550636.499999998,39127662.0,28270246.5,26356617.5,1913629.0,10857415.500000002,10857415.500000002,48810251.0,27222378.5,25251946.5,1970432.0,21587872.500000004,21587872.5,47608959.99999999,28363184.5,26438033.5,1925151.0,19245775.499999996,19245775.499999996,34270454.0,21107347.5,20573268.5,534079.0,13163106.500000002,13163106.500000002,18361349.0,7777590.500000001,7777590.500000001,0.0,10583758.5,10583758.5,15101624.0,8338806.0,8338806.0,0.0,6762817.999999999,6762817.999999999,10517096.0,7091959.0,7091959.0,0.0,3425137.0000000005,3425137.0000000005,4686183.0,3475937.9999999995,3475937.9999999995,0.0,1210245.0,1210245.0,6987604.0,797127.5,797127.5,0.0,6190476.5,6190476.5
II.3.d. Hybrid energy plants,,,,,,,,,,,,,,,,,,,,,,,,,8594967.0,8594967.0,0.0,8594967.0,0.0,0.0,1436734.0000000002,1436734.0000000002,0.0,1436734.0000000002,0.0,0.0,39316.0,39316.0,0.0,39316.0,0.0,0.0,1079090.0,1079090.0,0.0,1079090.0,0.0,0.0,242877.0,242877.0,0.0,242877.0,0.0,0.0,219370.99999999997,219370.99999999997,0.0,219370.99999999997,0.0,0.0
I.2.c. Non-communicable diseases (NCDs),,,,,,,,,,,,,,,,,,,,,,,,,,,,,,,,,,,,,2777552.0,0.0,0.0,0.0,2777552.0,2777552.0,12302144.0,0.0,0.0,0.0,12302144.0,12302144.0,26421984.000000004,0.0,0.0,0.0,26421984.000000004,26421984.000000004,30878856.0,33566.5,33566.5,0.0,30845289.5,30845289.5
